Page,Product,Spec_Label,Model_1,Model_1_SKU,Value_1,Model_2,Model_2_SKU,Value_2,Model_3,Model_3_SKU,Value_3,Model_4,Model_4_SKU,Value_4,Model_5,Model_5_SKU,Value_5,Model_6,Model_6_SKU,Value_6,Model_7,Model_7_SKU,Value_7,Model_8,Model_8_SKU,Value_8,Model_9,Model_9_SKU,Value_9,Model_10,Model_10_SKU,Value_10,Model_11,Model_11_SKU,Value_11
160-163,B614,Apparecchiatura elettronica,B614 Rosso RAL 3020,104614,E614,B614 Grigio RAL 9006,1046143,E614,Asta 5.000,428002,E614,Asta 3.300,428042,E614,Asta 4.300 *,428043,E614,Asta 2.300,428045,E614,Asta 2.000 *,428046,E614,Asta 2.315,428088,E614,Asta 2.815,428089,E614,Asta 3.815,428090,E614,Asta 4.815,428091,E614
160-163,B614,Coppia max,B614 Rosso RAL 3020,104614,300 Nm,B614 Grigio RAL 9006,1046143,300 Nm,Asta 5.000,428002,300 Nm,Asta 3.300,428042,300 Nm,Asta 4.300 *,428043,300 Nm,Asta 2.300,428045,300 Nm,Asta 2.000 *,428046,300 Nm,Asta 2.315,428088,300 Nm,Asta 2.815,428089,300 Nm,Asta 3.815,428090,300 Nm,Asta 4.815,428091,300 Nm
160-163,B614,Dimensioni (LxPxH),B614 Rosso RAL 3020,104614,360 x 250 x 1163 mm (Base di installazione 305 x 230 mm),B614 Grigio RAL 9006,1046143,360 x 250 x 1163 mm (Base di installazione 305 x 230 mm),Asta 5.000,428002,360 x 250 x 1163 mm (Base di installazione 305 x 230 mm),Asta 3.300,428042,360 x 250 x 1163 mm (Base di installazione 305 x 230 mm),Asta 4.300 *,428043,360 x 250 x 1163 mm (Base di installazione 305 x 230 mm),Asta 2.300,428045,360 x 250 x 1163 mm (Base di installazione 305 x 230 mm),Asta 2.000 *,428046,360 x 250 x 1163 mm (Base di installazione 305 x 230 mm),Asta 2.315,428088,360 x 250 x 1163 mm (Base di installazione 305 x 230 mm),Asta 2.815,428089,360 x 250 x 1163 mm (Base di installazione 305 x 230 mm),Asta 3.815,428090,360 x 250 x 1163 mm (Base di installazione 305 x 230 mm),Asta 4.815,428091,360 x 250 x 1163 mm (Base di installazione 305 x 230 mm)
160-163,B614,Encoder,B614 Rosso RAL 3020,104614,Incrementale integrato nel motore,B614 Grigio RAL 9006,1046143,Incrementale integrato nel motore,Asta 5.000,428002,Incrementale integrato nel motore,Asta 3.300,428042,Incrementale integrato nel motore,Asta 4.300 *,428043,Incrementale integrato nel motore,Asta 2.300,428045,Incrementale integrato nel motore,Asta 2.000 *,428046,Incrementale integrato nel motore,Asta 2.315,428088,Incrementale integrato nel motore,Asta 2.815,428089,Incrementale integrato nel motore,Asta 3.815,428090,Incrementale integrato nel motore,Asta 4.815,428091,Incrementale integrato nel motore
160-163,B614,Frequenza di utilizzo,B614 Rosso RAL 3020,104614,Utilizzo continuo,B614 Grigio RAL 9006,1046143,Utilizzo continuo,Asta 5.000,428002,Utilizzo continuo,Asta 3.300,428042,Utilizzo continuo,Asta 4.300 *,428043,Utilizzo continuo,Asta 2.300,428045,Utilizzo continuo,Asta 2.000 *,428046,Utilizzo continuo,Asta 2.315,428088,Utilizzo continuo,Asta 2.815,428089,Utilizzo continuo,Asta 3.815,428090,Utilizzo continuo,Asta 4.815,428091,Utilizzo continuo
160-163,B614,Grado di protezione,B614 Rosso RAL 3020,104614,IP55 (scheda di controllo) - IP44,B614 Grigio RAL 9006,1046143,IP55 (scheda di controllo) - IP44,Asta 5.000,428002,IP55 (scheda di controllo) - IP44,Asta 3.300,428042,IP55 (scheda di controllo) - IP44,Asta 4.300 *,428043,IP55 (scheda di controllo) - IP44,Asta 2.300,428045,IP55 (scheda di controllo) - IP44,Asta 2.000 *,428046,IP55 (scheda di controllo) - IP44,Asta 2.315,428088,IP55 (scheda di controllo) - IP44,Asta 2.815,428089,IP55 (scheda di controllo) - IP44,Asta 3.815,428090,IP55 (scheda di controllo) - IP44,Asta 4.815,428091,IP55 (scheda di controllo) - IP44
160-163,B614,Lunghezza (mm),B614 Rosso RAL 3020,104614,-,B614 Grigio RAL 9006,1046143,-,Asta 5.000,428002,5.000,Asta 3.300,428042,3.300,Asta 4.300 *,428043,4.300 *,Asta 2.300,428045,2.300,Asta 2.000 *,428046,2.000 *,Asta 2.315,428088,2.315,Asta 2.815,428089,2.815,Asta 3.815,428090,3.815,Asta 4.815,428091,4.815
160-163,B614,Lunghezza max asta,B614 Rosso RAL 3020,104614,6 m,B614 Grigio RAL 9006,1046143,6 m,Asta 5.000,428002,6 m,Asta 3.300,428042,6 m,Asta 4.300 *,428043,6 m,Asta 2.300,428045,6 m,Asta 2.000 *,428046,6 m,Asta 2.315,428088,6 m,Asta 2.815,428089,6 m,Asta 3.815,428090,6 m,Asta 4.815,428091,6 m
160-163,B614,Motore elettrico,B614 Rosso RAL 3020,104614,Con spazzole 24V,B614 Grigio RAL 9006,1046143,Con spazzole 24V,Asta 5.000,428002,Con spazzole 24V,Asta 3.300,428042,Con spazzole 24V,Asta 4.300 *,428043,Con spazzole 24V,Asta 2.300,428045,Con spazzole 24V,Asta 2.000 *,428046,Con spazzole 24V,Asta 2.315,428088,Con spazzole 24V,Asta 2.815,428089,Con spazzole 24V,Asta 3.815,428090,Con spazzole 24V,Asta 4.815,428091,Con spazzole 24V
160-163,B614,Peso,B614 Rosso RAL 3020,104614,40 Kg,B614 Grigio RAL 9006,1046143,40 Kg,Asta 5.000,428002,40 Kg,Asta 3.300,428042,40 Kg,Asta 4.300 *,428043,40 Kg,Asta 2.300,428045,40 Kg,Asta 2.000 *,428046,40 Kg,Asta 2.315,428088,40 Kg,Asta 2.815,428089,40 Kg,Asta 3.815,428090,40 Kg,Asta 4.815,428091,40 Kg
160-163,B614,Potenza max,B614 Rosso RAL 3020,104614,165 W,B614 Grigio RAL 9006,1046143,165 W,Asta 5.000,428002,165 W,Asta 3.300,428042,165 W,Asta 4.300 *,428043,165 W,Asta 2.300,428045,165 W,Asta 2.000 *,428046,165 W,Asta 2.315,428088,165 W,Asta 2.815,428089,165 W,Asta 3.815,428090,165 W,Asta 4.815,428091,165 W
160-163,B614,Prezzo €,B614 Rosso RAL 3020,104614,"1.556,00",B614 Grigio RAL 9006,1046143,"1.556,00",Asta 5.000,428002,"268,00",Asta 3.300,428042,"185,00",Asta 4.300 *,428043,"230,00",Asta 2.300,428045,"155,00",Asta 2.000 *,428046,"134,00",Asta 2.315,428088,"152,00",Asta 2.815,428089,"173,00",Asta 3.815,428090,"188,00",Asta 4.815,428091,"207,00"
160-163,B614,Temperatura ambiente di esercizio,B614 Rosso RAL 3020,104614,-20°C ÷ +55°C,B614 Grigio RAL 9006,1046143,-20°C ÷ +55°C,Asta 5.000,428002,-20°C ÷ +55°C,Asta 3.300,428042,-20°C ÷ +55°C,Asta 4.300 *,428043,-20°C ÷ +55°C,Asta 2.300,428045,-20°C ÷ +55°C,Asta 2.000 *,428046,-20°C ÷ +55°C,Asta 2.315,428088,-20°C ÷ +55°C,Asta 2.815,428089,-20°C ÷ +55°C,Asta 3.815,428090,-20°C ÷ +55°C,Asta 4.815,428091,-20°C ÷ +55°C
160-163,B614,Tempo di apertura,B614 Rosso RAL 3020,104614,< 2 s (80°- 3m),B614 Grigio RAL 9006,1046143,< 2 s (80°- 3m),Asta 5.000,428002,< 2 s (80°- 3m),Asta 3.300,428042,< 2 s (80°- 3m),Asta 4.300 *,428043,< 2 s (80°- 3m),Asta 2.300,428045,< 2 s (80°- 3m),Asta 2.000 *,428046,< 2 s (80°- 3m),Asta 2.315,428088,< 2 s (80°- 3m),Asta 2.815,428089,< 2 s (80°- 3m),Asta 3.815,428090,< 2 s (80°- 3m),Asta 4.815,428091,< 2 s (80°- 3m)
160-163,B614,Tensione di alimentazione di rete,B614 Rosso RAL 3020,104614,220-240V ~ 50/60 Hz,B614 Grigio RAL 9006,1046143,220-240V ~ 50/60 Hz,Asta 5.000,428002,220-240V ~ 50/60 Hz,Asta 3.300,428042,220-240V ~ 50/60 Hz,Asta 4.300 *,428043,220-240V ~ 50/60 Hz,Asta 2.300,428045,220-240V ~ 50/60 Hz,Asta 2.000 *,428046,220-240V ~ 50/60 Hz,Asta 2.315,428088,220-240V ~ 50/60 Hz,Asta 2.815,428089,220-240V ~ 50/60 Hz,Asta 3.815,428090,220-240V ~ 50/60 Hz,Asta 4.815,428091,220-240V ~ 50/60 Hz
160-163,B614,Tipo di asta,B614 Rosso RAL 3020,104614,Rettangolare e tonda,B614 Grigio RAL 9006,1046143,Rettangolare e tonda,Asta 5.000,428002,Rettangolare e tonda,Asta 3.300,428042,Rettangolare e tonda,Asta 4.300 *,428043,Rettangolare e tonda,Asta 2.300,428045,Rettangolare e tonda,Asta 2.000 *,428046,Rettangolare e tonda,Asta 2.315,428088,Rettangolare e tonda,Asta 2.815,428089,Rettangolare e tonda,Asta 3.815,428090,Rettangolare e tonda,Asta 4.815,428091,Rettangolare e tonda
160-163,B614,Tipo di materiale,B614 Rosso RAL 3020,104614,Acciaio,B614 Grigio RAL 9006,1046143,Acciaio,Asta 5.000,428002,Acciaio,Asta 3.300,428042,Acciaio,Asta 4.300 *,428043,Acciaio,Asta 2.300,428045,Acciaio,Asta 2.000 *,428046,Acciaio,Asta 2.315,428088,Acciaio,Asta 2.815,428089,Acciaio,Asta 3.815,428090,Acciaio,Asta 4.815,428091,Acciaio
160-163,B614,Tipo di rallentamento,B614 Rosso RAL 3020,104614,Elettronico + meccanico,B614 Grigio RAL 9006,1046143,Elettronico + meccanico,Asta 5.000,428002,Elettronico + meccanico,Asta 3.300,428042,Elettronico + meccanico,Asta 4.300 *,428043,Elettronico + meccanico,Asta 2.300,428045,Elettronico + meccanico,Asta 2.000 *,428046,Elettronico + meccanico,Asta 2.315,428088,Elettronico + meccanico,Asta 2.815,428089,Elettronico + meccanico,Asta 3.815,428090,Elettronico + meccanico,Asta 4.815,428091,Elettronico + meccanico
160-163,B614,Tipo di trattamento,B614 Rosso RAL 3020,104614,Prezincatura spessore 20μm + verniciatura a polvere in poliestere,B614 Grigio RAL 9006,1046143,Prezincatura spessore 20μm + verniciatura a polvere in poliestere,Asta 5.000,428002,Prezincatura spessore 20μm + verniciatura a polvere in poliestere,Asta 3.300,428042,Prezincatura spessore 20μm + verniciatura a polvere in poliestere,Asta 4.300 *,428043,Prezincatura spessore 20μm + verniciatura a polvere in poliestere,Asta 2.300,428045,Prezincatura spessore 20μm + verniciatura a polvere in poliestere,Asta 2.000 *,428046,Prezincatura spessore 20μm + verniciatura a polvere in poliestere,Asta 2.315,428088,Prezincatura spessore 20μm + verniciatura a polvere in poliestere,Asta 2.815,428089,Prezincatura spessore 20μm + verniciatura a polvere in poliestere,Asta 3.815,428090,Prezincatura spessore 20μm + verniciatura a polvere in poliestere,Asta 4.815,428091,Prezincatura spessore 20μm + verniciatura a polvere in poliestere
164-167,615BPR,Apparecchiatura elettronica,615BPR Standard Arancio RAL 2004,104906,615BPR incorporata,615BPR Standard Grigio RAL 9006,104910,615BPR incorporata,Asta 5.000,428002,615BPR incorporata,Asta 3.300,428042,615BPR incorporata,Asta 4.300 *,428043,615BPR incorporata,Asta 2.300,428045,615BPR incorporata,Asta 2.000 *,428046,615BPR incorporata,Asta 2.315,428088,615BPR incorporata,Asta 2.815,428089,615BPR incorporata,Asta 3.815,428090,615BPR incorporata,Asta 4.815,428091,615BPR incorporata
164-167,615BPR,Coppia max,615BPR Standard Arancio RAL 2004,104906,0 ÷ 400 Nm (*),615BPR Standard Grigio RAL 9006,104910,0 ÷ 400 Nm (*),Asta 5.000,428002,0 ÷ 400 Nm (*),Asta 3.300,428042,0 ÷ 400 Nm (*),Asta 4.300 *,428043,0 ÷ 400 Nm (*),Asta 2.300,428045,0 ÷ 400 Nm (*),Asta 2.000 *,428046,0 ÷ 400 Nm (*),Asta 2.315,428088,0 ÷ 400 Nm (*),Asta 2.815,428089,0 ÷ 400 Nm (*),Asta 3.815,428090,0 ÷ 400 Nm (*),Asta 4.815,428091,0 ÷ 400 Nm (*)
164-167,615BPR,Dimensioni (LxPxH),615BPR Standard Arancio RAL 2004,104906,270 x 140 x 1015 mm,615BPR Standard Grigio RAL 9006,104910,270 x 140 x 1015 mm,Asta 5.000,428002,270 x 140 x 1015 mm,Asta 3.300,428042,270 x 140 x 1015 mm,Asta 4.300 *,428043,270 x 140 x 1015 mm,Asta 2.300,428045,270 x 140 x 1015 mm,Asta 2.000 *,428046,270 x 140 x 1015 mm,Asta 2.315,428088,270 x 140 x 1015 mm,Asta 2.815,428089,270 x 140 x 1015 mm,Asta 3.815,428090,270 x 140 x 1015 mm,Asta 4.815,428091,270 x 140 x 1015 mm
164-167,615BPR,Encoder,615BPR Standard Arancio RAL 2004,104906,No - sicurezza oleodinamica antischiacciamento,615BPR Standard Grigio RAL 9006,104910,No - sicurezza oleodinamica antischiacciamento,Asta 5.000,428002,No - sicurezza oleodinamica antischiacciamento,Asta 3.300,428042,No - sicurezza oleodinamica antischiacciamento,Asta 4.300 *,428043,No - sicurezza oleodinamica antischiacciamento,Asta 2.300,428045,No - sicurezza oleodinamica antischiacciamento,Asta 2.000 *,428046,No - sicurezza oleodinamica antischiacciamento,Asta 2.315,428088,No - sicurezza oleodinamica antischiacciamento,Asta 2.815,428089,No - sicurezza oleodinamica antischiacciamento,Asta 3.815,428090,No - sicurezza oleodinamica antischiacciamento,Asta 4.815,428091,No - sicurezza oleodinamica antischiacciamento
164-167,615BPR,Frequenza di utilizzo,615BPR Standard Arancio RAL 2004,104906,50%,615BPR Standard Grigio RAL 9006,104910,50%,Asta 5.000,428002,50%,Asta 3.300,428042,50%,Asta 4.300 *,428043,50%,Asta 2.300,428045,50%,Asta 2.000 *,428046,50%,Asta 2.315,428088,50%,Asta 2.815,428089,50%,Asta 3.815,428090,50%,Asta 4.815,428091,50%
164-167,615BPR,Grado di protezione,615BPR Standard Arancio RAL 2004,104906,IP44,615BPR Standard Grigio RAL 9006,104910,IP44,Asta 5.000,428002,IP44,Asta 3.300,428042,IP44,Asta 4.300 *,428043,IP44,Asta 2.300,428045,IP44,Asta 2.000 *,428046,IP44,Asta 2.315,428088,IP44,Asta 2.815,428089,IP44,Asta 3.815,428090,IP44,Asta 4.815,428091,IP44
164-167,615BPR,Lunghezza (mm),615BPR Standard Arancio RAL 2004,104906,-,615BPR Standard Grigio RAL 9006,104910,-,Asta 5.000,428002,5.000,Asta 3.300,428042,3.300,Asta 4.300 *,428043,4.300 *,Asta 2.300,428045,2.300,Asta 2.000 *,428046,2.000 *,Asta 2.315,428088,2.315,Asta 2.815,428089,2.815,Asta 3.815,428090,3.815,Asta 4.815,428091,4.815
164-167,615BPR,Lunghezza max asta,615BPR Standard Arancio RAL 2004,104906,5 m,615BPR Standard Grigio RAL 9006,104910,5 m,Asta 5.000,428002,5 m,Asta 3.300,428042,5 m,Asta 4.300 *,428043,5 m,Asta 2.300,428045,5 m,Asta 2.000 *,428046,5 m,Asta 2.315,428088,5 m,Asta 2.815,428089,5 m,Asta 3.815,428090,5 m,Asta 4.815,428091,5 m
164-167,615BPR,Motore elettrico,615BPR Standard Arancio RAL 2004,104906,Asincrono monofase,615BPR Standard Grigio RAL 9006,104910,Asincrono monofase,Asta 5.000,428002,Asincrono monofase,Asta 3.300,428042,Asincrono monofase,Asta 4.300 *,428043,Asincrono monofase,Asta 2.300,428045,Asincrono monofase,Asta 2.000 *,428046,Asincrono monofase,Asta 2.315,428088,Asincrono monofase,Asta 2.815,428089,Asincrono monofase,Asta 3.815,428090,Asincrono monofase,Asta 4.815,428091,Asincrono monofase
164-167,615BPR,Peso,615BPR Standard Arancio RAL 2004,104906,34 Kg,615BPR Standard Grigio RAL 9006,104910,34 Kg,Asta 5.000,428002,34 Kg,Asta 3.300,428042,34 Kg,Asta 4.300 *,428043,34 Kg,Asta 2.300,428045,34 Kg,Asta 2.000 *,428046,34 Kg,Asta 2.315,428088,34 Kg,Asta 2.815,428089,34 Kg,Asta 3.815,428090,34 Kg,Asta 4.815,428091,34 Kg
164-167,615BPR,Portata gruppo motore-pompa,615BPR Standard Arancio RAL 2004,104906,"1,5 lpm (*)",615BPR Standard Grigio RAL 9006,104910,"1,5 lpm (*)",Asta 5.000,428002,"1,5 lpm (*)",Asta 3.300,428042,"1,5 lpm (*)",Asta 4.300 *,428043,"1,5 lpm (*)",Asta 2.300,428045,"1,5 lpm (*)",Asta 2.000 *,428046,"1,5 lpm (*)",Asta 2.315,428088,"1,5 lpm (*)",Asta 2.815,428089,"1,5 lpm (*)",Asta 3.815,428090,"1,5 lpm (*)",Asta 4.815,428091,"1,5 lpm (*)"
164-167,615BPR,Potenza max,615BPR Standard Arancio RAL 2004,104906,220 W,615BPR Standard Grigio RAL 9006,104910,220 W,Asta 5.000,428002,220 W,Asta 3.300,428042,220 W,Asta 4.300 *,428043,220 W,Asta 2.300,428045,220 W,Asta 2.000 *,428046,220 W,Asta 2.315,428088,220 W,Asta 2.815,428089,220 W,Asta 3.815,428090,220 W,Asta 4.815,428091,220 W
164-167,615BPR,Prezzo €,615BPR Standard Arancio RAL 2004,104906,"1.279,00",615BPR Standard Grigio RAL 9006,104910,"1.279,00",Asta 5.000,428002,"268,00",Asta 3.300,428042,"185,00",Asta 4.300 *,428043,"230,00",Asta 2.300,428045,"155,00",Asta 2.000 *,428046,"134,00",Asta 2.315,428088,"152,00",Asta 2.815,428089,"173,00",Asta 3.815,428090,"188,00",Asta 4.815,428091,"207,00"
164-167,615BPR,Raffreddamento,615BPR Standard Arancio RAL 2004,104906,-,615BPR Standard Grigio RAL 9006,104910,-,Asta 5.000,428002,-,Asta 3.300,428042,-,Asta 4.300 *,428043,-,Asta 2.300,428045,-,Asta 2.000 *,428046,-,Asta 2.315,428088,-,Asta 2.815,428089,-,Asta 3.815,428090,-,Asta 4.815,428091,-
164-167,615BPR,Temperatura ambiente di esercizio,615BPR Standard Arancio RAL 2004,104906,-20°C ÷ +55°C,615BPR Standard Grigio RAL 9006,104910,-20°C ÷ +55°C,Asta 5.000,428002,-20°C ÷ +55°C,Asta 3.300,428042,-20°C ÷ +55°C,Asta 4.300 *,428043,-20°C ÷ +55°C,Asta 2.300,428045,-20°C ÷ +55°C,Asta 2.000 *,428046,-20°C ÷ +55°C,Asta 2.315,428088,-20°C ÷ +55°C,Asta 2.815,428089,-20°C ÷ +55°C,Asta 3.815,428090,-20°C ÷ +55°C,Asta 4.815,428091,-20°C ÷ +55°C
164-167,615BPR,Tempo di apertura,615BPR Standard Arancio RAL 2004,104906,"5,7 s (90°)",615BPR Standard Grigio RAL 9006,104910,"5,7 s (90°)",Asta 5.000,428002,"5,7 s (90°)",Asta 3.300,428042,"5,7 s (90°)",Asta 4.300 *,428043,"5,7 s (90°)",Asta 2.300,428045,"5,7 s (90°)",Asta 2.000 *,428046,"5,7 s (90°)",Asta 2.315,428088,"5,7 s (90°)",Asta 2.815,428089,"5,7 s (90°)",Asta 3.815,428090,"5,7 s (90°)",Asta 4.815,428091,"5,7 s (90°)"
164-167,615BPR,Tensione di alimentazione di rete,615BPR Standard Arancio RAL 2004,104906,220-240V~ 50/60 Hz,615BPR Standard Grigio RAL 9006,104910,220-240V~ 50/60 Hz,Asta 5.000,428002,220-240V~ 50/60 Hz,Asta 3.300,428042,220-240V~ 50/60 Hz,Asta 4.300 *,428043,220-240V~ 50/60 Hz,Asta 2.300,428045,220-240V~ 50/60 Hz,Asta 2.000 *,428046,220-240V~ 50/60 Hz,Asta 2.315,428088,220-240V~ 50/60 Hz,Asta 2.815,428089,220-240V~ 50/60 Hz,Asta 3.815,428090,220-240V~ 50/60 Hz,Asta 4.815,428091,220-240V~ 50/60 Hz
164-167,615BPR,Termoprotezione,615BPR Standard Arancio RAL 2004,104906,120°C,615BPR Standard Grigio RAL 9006,104910,120°C,Asta 5.000,428002,120°C,Asta 3.300,428042,120°C,Asta 4.300 *,428043,120°C,Asta 2.300,428045,120°C,Asta 2.000 *,428046,120°C,Asta 2.315,428088,120°C,Asta 2.815,428089,120°C,Asta 3.815,428090,120°C,Asta 4.815,428091,120°C
164-167,615BPR,Tipo di asta,615BPR Standard Arancio RAL 2004,104906,Rettangolare - Rettangolare con siepe - Rettangolare articolata - Tonda con luci,615BPR Standard Grigio RAL 9006,104910,Rettangolare - Rettangolare con siepe - Rettangolare articolata - Tonda con luci,Asta 5.000,428002,Rettangolare - Rettangolare con siepe - Rettangolare articolata - Tonda con luci,Asta 3.300,428042,Rettangolare - Rettangolare con siepe - Rettangolare articolata - Tonda con luci,Asta 4.300 *,428043,Rettangolare - Rettangolare con siepe - Rettangolare articolata - Tonda con luci,Asta 2.300,428045,Rettangolare - Rettangolare con siepe - Rettangolare articolata - Tonda con luci,Asta 2.000 *,428046,Rettangolare - Rettangolare con siepe - Rettangolare articolata - Tonda con luci,Asta 2.315,428088,Rettangolare - Rettangolare con siepe - Rettangolare articolata - Tonda con luci,Asta 2.815,428089,Rettangolare - Rettangolare con siepe - Rettangolare articolata - Tonda con luci,Asta 3.815,428090,Rettangolare - Rettangolare con siepe - Rettangolare articolata - Tonda con luci,Asta 4.815,428091,Rettangolare - Rettangolare con siepe - Rettangolare articolata - Tonda con luci
164-167,615BPR,Tipo di materiale,615BPR Standard Arancio RAL 2004,104906,Acciaio,615BPR Standard Grigio RAL 9006,104910,Acciaio,Asta 5.000,428002,Acciaio,Asta 3.300,428042,Acciaio,Asta 4.300 *,428043,Acciaio,Asta 2.300,428045,Acciaio,Asta 2.000 *,428046,Acciaio,Asta 2.315,428088,Acciaio,Asta 2.815,428089,Acciaio,Asta 3.815,428090,Acciaio,Asta 4.815,428091,Acciaio
164-167,615BPR,Tipo di olio,615BPR Standard Arancio RAL 2004,104906,FAAC HP OIL,615BPR Standard Grigio RAL 9006,104910,FAAC HP OIL,Asta 5.000,428002,FAAC HP OIL,Asta 3.300,428042,FAAC HP OIL,Asta 4.300 *,428043,FAAC HP OIL,Asta 2.300,428045,FAAC HP OIL,Asta 2.000 *,428046,FAAC HP OIL,Asta 2.315,428088,FAAC HP OIL,Asta 2.815,428089,FAAC HP OIL,Asta 3.815,428090,FAAC HP OIL,Asta 4.815,428091,FAAC HP OIL
164-167,615BPR,Tipo di rallentamento,615BPR Standard Arancio RAL 2004,104906,Elettronico - Regolabile,615BPR Standard Grigio RAL 9006,104910,Elettronico - Regolabile,Asta 5.000,428002,Elettronico - Regolabile,Asta 3.300,428042,Elettronico - Regolabile,Asta 4.300 *,428043,Elettronico - Regolabile,Asta 2.300,428045,Elettronico - Regolabile,Asta 2.000 *,428046,Elettronico - Regolabile,Asta 2.315,428088,Elettronico - Regolabile,Asta 2.815,428089,Elettronico - Regolabile,Asta 3.815,428090,Elettronico - Regolabile,Asta 4.815,428091,Elettronico - Regolabile
164-167,615BPR,Tipo di trattamento,615BPR Standard Arancio RAL 2004,104906,Primer anticorrosivo 100 microns + Verniciatura in poliestere RAL 2004 - RAL 9006,615BPR Standard Grigio RAL 9006,104910,Primer anticorrosivo 100 microns + Verniciatura in poliestere RAL 2004 - RAL 9006,Asta 5.000,428002,Primer anticorrosivo 100 microns + Verniciatura in poliestere RAL 2004 - RAL 9006,Asta 3.300,428042,Primer anticorrosivo 100 microns + Verniciatura in poliestere RAL 2004 - RAL 9006,Asta 4.300 *,428043,Primer anticorrosivo 100 microns + Verniciatura in poliestere RAL 2004 - RAL 9006,Asta 2.300,428045,Primer anticorrosivo 100 microns + Verniciatura in poliestere RAL 2004 - RAL 9006,Asta 2.000 *,428046,Primer anticorrosivo 100 microns + Verniciatura in poliestere RAL 2004 - RAL 9006,Asta 2.315,428088,Primer anticorrosivo 100 microns + Verniciatura in poliestere RAL 2004 - RAL 9006,Asta 2.815,428089,Primer anticorrosivo 100 microns + Verniciatura in poliestere RAL 2004 - RAL 9006,Asta 3.815,428090,Primer anticorrosivo 100 microns + Verniciatura in poliestere RAL 2004 - RAL 9006,Asta 4.815,428091,Primer anticorrosivo 100 microns + Verniciatura in poliestere RAL 2004 - RAL 9006
164-167,615BPR,Velocità di rotazione motore,615BPR Standard Arancio RAL 2004,104906,1.400 rpm (*),615BPR Standard Grigio RAL 9006,104910,1.400 rpm (*),Asta 5.000,428002,1.400 rpm (*),Asta 3.300,428042,1.400 rpm (*),Asta 4.300 *,428043,1.400 rpm (*),Asta 2.300,428045,1.400 rpm (*),Asta 2.000 *,428046,1.400 rpm (*),Asta 2.315,428088,1.400 rpm (*),Asta 2.815,428089,1.400 rpm (*),Asta 3.815,428090,1.400 rpm (*),Asta 4.815,428091,1.400 rpm (*)
168-171,620 Standard,Apparecchiatura elettronica,620 rettangolare con siepe,1046218,624BLD incorporata,620 rettangolare con siepe,1046418,624BLD incorporata,620 articolata,1047048,624BLD incorporata,620 articolata,1047148,624BLD incorporata,620 tonda,1047508,624BLD incorporata,620 tonda,1047518,624BLD incorporata,620 rettangolare standard,1046408,624BLD incorporata,620 rettangolare standard,1046428,624BLD incorporata,620 rettangolare standard,1046478,624BLD incorporata,620 rettangolare standard,1046488,624BLD incorporata,620 rettangolare standard,1046208,624BLD incorporata
168-171,620 Standard,Coppia max,620 rettangolare con siepe,1046218,0 ÷ 220 / 0 ÷ 180 Nm (*),620 rettangolare con siepe,1046418,0 ÷ 220 / 0 ÷ 180 Nm (*),620 articolata,1047048,0 ÷ 220 / 0 ÷ 180 Nm (*),620 articolata,1047148,0 ÷ 220 / 0 ÷ 180 Nm (*),620 tonda,1047508,0 ÷ 220 / 0 ÷ 180 Nm (*),620 tonda,1047518,0 ÷ 220 / 0 ÷ 180 Nm (*),620 rettangolare standard,1046408,0 ÷ 220 / 0 ÷ 180 Nm (*),620 rettangolare standard,1046428,0 ÷ 220 / 0 ÷ 180 Nm (*),620 rettangolare standard,1046478,0 ÷ 220 / 0 ÷ 180 Nm (*),620 rettangolare standard,1046488,0 ÷ 220 / 0 ÷ 180 Nm (*),620 rettangolare standard,1046208,0 ÷ 220 / 0 ÷ 180 Nm (*)
168-171,620 Standard,Dimensioni (LxPxH),620 rettangolare con siepe,1046218,350 x 170 x 1080 mm,620 rettangolare con siepe,1046418,350 x 170 x 1080 mm,620 articolata,1047048,350 x 170 x 1080 mm,620 articolata,1047148,350 x 170 x 1080 mm,620 tonda,1047508,350 x 170 x 1080 mm,620 tonda,1047518,350 x 170 x 1080 mm,620 rettangolare standard,1046408,350 x 170 x 1080 mm,620 rettangolare standard,1046428,350 x 170 x 1080 mm,620 rettangolare standard,1046478,350 x 170 x 1080 mm,620 rettangolare standard,1046488,350 x 170 x 1080 mm,620 rettangolare standard,1046208,350 x 170 x 1080 mm
168-171,620 Standard,Encoder,620 rettangolare con siepe,1046218,No - sicurezza oleodinamica antischiacciamento,620 rettangolare con siepe,1046418,No - sicurezza oleodinamica antischiacciamento,620 articolata,1047048,No - sicurezza oleodinamica antischiacciamento,620 articolata,1047148,No - sicurezza oleodinamica antischiacciamento,620 tonda,1047508,No - sicurezza oleodinamica antischiacciamento,620 tonda,1047518,No - sicurezza oleodinamica antischiacciamento,620 rettangolare standard,1046408,No - sicurezza oleodinamica antischiacciamento,620 rettangolare standard,1046428,No - sicurezza oleodinamica antischiacciamento,620 rettangolare standard,1046478,No - sicurezza oleodinamica antischiacciamento,620 rettangolare standard,1046488,No - sicurezza oleodinamica antischiacciamento,620 rettangolare standard,1046208,No - sicurezza oleodinamica antischiacciamento
168-171,620 Standard,Frequenza di utilizzo,620 rettangolare con siepe,1046218,70%,620 rettangolare con siepe,1046418,70%,620 articolata,1047048,70%,620 articolata,1047148,70%,620 tonda,1047508,70%,620 tonda,1047518,70%,620 rettangolare standard,1046408,70%,620 rettangolare standard,1046428,70%,620 rettangolare standard,1046478,70%,620 rettangolare standard,1046488,70%,620 rettangolare standard,1046208,70%
168-171,620 Standard,Grado di protezione,620 rettangolare con siepe,1046218,IP44,620 rettangolare con siepe,1046418,IP44,620 articolata,1047048,IP44,620 articolata,1047148,IP44,620 tonda,1047508,IP44,620 tonda,1047518,IP44,620 rettangolare standard,1046408,IP44,620 rettangolare standard,1046428,IP44,620 rettangolare standard,1046478,IP44,620 rettangolare standard,1046488,IP44,620 rettangolare standard,1046208,IP44
168-171,620 Standard,Lunghezza (mm),620 rettangolare con siepe,1046218,-,620 rettangolare con siepe,1046418,-,620 articolata,1047048,-,620 articolata,1047148,-,620 tonda,1047508,-,620 tonda,1047518,-,620 rettangolare standard,1046408,-,620 rettangolare standard,1046428,-,620 rettangolare standard,1046478,-,620 rettangolare standard,1046488,-,620 rettangolare standard,1046208,-
168-171,620 Standard,Lunghezza max asta,620 rettangolare con siepe,1046218,5 m,620 rettangolare con siepe,1046418,5 m,620 articolata,1047048,5 m,620 articolata,1047148,5 m,620 tonda,1047508,5 m,620 tonda,1047518,5 m,620 rettangolare standard,1046408,5 m,620 rettangolare standard,1046428,5 m,620 rettangolare standard,1046478,5 m,620 rettangolare standard,1046488,5 m,620 rettangolare standard,1046208,5 m
168-171,620 Standard,Motore elettrico,620 rettangolare con siepe,1046218,Asincrono monofase,620 rettangolare con siepe,1046418,Asincrono monofase,620 articolata,1047048,Asincrono monofase,620 articolata,1047148,Asincrono monofase,620 tonda,1047508,Asincrono monofase,620 tonda,1047518,Asincrono monofase,620 rettangolare standard,1046408,Asincrono monofase,620 rettangolare standard,1046428,Asincrono monofase,620 rettangolare standard,1046478,Asincrono monofase,620 rettangolare standard,1046488,Asincrono monofase,620 rettangolare standard,1046208,Asincrono monofase
168-171,620 Standard,Peso,620 rettangolare con siepe,1046218,73 Kg,620 rettangolare con siepe,1046418,73 Kg,620 articolata,1047048,73 Kg,620 articolata,1047148,73 Kg,620 tonda,1047508,73 Kg,620 tonda,1047518,73 Kg,620 rettangolare standard,1046408,73 Kg,620 rettangolare standard,1046428,73 Kg,620 rettangolare standard,1046478,73 Kg,620 rettangolare standard,1046488,73 Kg,620 rettangolare standard,1046208,73 Kg
168-171,620 Standard,Portata gruppo motore-pompa,620 rettangolare con siepe,1046218,"0,75-1 lpm (*)",620 rettangolare con siepe,1046418,"0,75-1 lpm (*)",620 articolata,1047048,"0,75-1 lpm (*)",620 articolata,1047148,"0,75-1 lpm (*)",620 tonda,1047508,"0,75-1 lpm (*)",620 tonda,1047518,"0,75-1 lpm (*)",620 rettangolare standard,1046408,"0,75-1 lpm (*)",620 rettangolare standard,1046428,"0,75-1 lpm (*)",620 rettangolare standard,1046478,"0,75-1 lpm (*)",620 rettangolare standard,1046488,"0,75-1 lpm (*)",620 rettangolare standard,1046208,"0,75-1 lpm (*)"
168-171,620 Standard,Potenza max,620 rettangolare con siepe,1046218,220 W,620 rettangolare con siepe,1046418,220 W,620 articolata,1047048,220 W,620 articolata,1047148,220 W,620 tonda,1047508,220 W,620 tonda,1047518,220 W,620 rettangolare standard,1046408,220 W,620 rettangolare standard,1046428,220 W,620 rettangolare standard,1046478,220 W,620 rettangolare standard,1046488,220 W,620 rettangolare standard,1046208,220 W
168-171,620 Standard,Prezzo €,620 rettangolare con siepe,1046218,,620 rettangolare con siepe,1046418,,620 articolata,1047048,,620 articolata,1047148,,620 tonda,1047508,,620 tonda,1047518,,620 rettangolare standard,1046408,,620 rettangolare standard,1046428,,620 rettangolare standard,1046478,,620 rettangolare standard,1046488,,620 rettangolare standard,1046208,
168-171,620 Standard,Raffreddamento,620 rettangolare con siepe,1046218,-,620 rettangolare con siepe,1046418,-,620 articolata,1047048,-,620 articolata,1047148,-,620 tonda,1047508,-,620 tonda,1047518,-,620 rettangolare standard,1046408,-,620 rettangolare standard,1046428,-,620 rettangolare standard,1046478,-,620 rettangolare standard,1046488,-,620 rettangolare standard,1046208,-
168-171,620 Standard,Temperatura ambiente di esercizio,620 rettangolare con siepe,1046218,-20°C ÷ +55°C,620 rettangolare con siepe,1046418,-20°C ÷ +55°C,620 articolata,1047048,-20°C ÷ +55°C,620 articolata,1047148,-20°C ÷ +55°C,620 tonda,1047508,-20°C ÷ +55°C,620 tonda,1047518,-20°C ÷ +55°C,620 rettangolare standard,1046408,-20°C ÷ +55°C,620 rettangolare standard,1046428,-20°C ÷ +55°C,620 rettangolare standard,1046478,-20°C ÷ +55°C,620 rettangolare standard,1046488,-20°C ÷ +55°C,620 rettangolare standard,1046208,-20°C ÷ +55°C
168-171,620 Standard,Tempo di apertura,620 rettangolare con siepe,1046218,"3,5 s (90° - 3 m) - 4,5 s (90° - 4 m)",620 rettangolare con siepe,1046418,"3,5 s (90° - 3 m) - 4,5 s (90° - 4 m)",620 articolata,1047048,"3,5 s (90° - 3 m) - 4,5 s (90° - 4 m)",620 articolata,1047148,"3,5 s (90° - 3 m) - 4,5 s (90° - 4 m)",620 tonda,1047508,"3,5 s (90° - 3 m) - 4,5 s (90° - 4 m)",620 tonda,1047518,"3,5 s (90° - 3 m) - 4,5 s (90° - 4 m)",620 rettangolare standard,1046408,"3,5 s (90° - 3 m) - 4,5 s (90° - 4 m)",620 rettangolare standard,1046428,"3,5 s (90° - 3 m) - 4,5 s (90° - 4 m)",620 rettangolare standard,1046478,"3,5 s (90° - 3 m) - 4,5 s (90° - 4 m)",620 rettangolare standard,1046488,"3,5 s (90° - 3 m) - 4,5 s (90° - 4 m)",620 rettangolare standard,1046208,"3,5 s (90° - 3 m) - 4,5 s (90° - 4 m)"
168-171,620 Standard,Tensione di alimentazione di rete,620 rettangolare con siepe,1046218,220-240V~ 50/60 Hz,620 rettangolare con siepe,1046418,220-240V~ 50/60 Hz,620 articolata,1047048,220-240V~ 50/60 Hz,620 articolata,1047148,220-240V~ 50/60 Hz,620 tonda,1047508,220-240V~ 50/60 Hz,620 tonda,1047518,220-240V~ 50/60 Hz,620 rettangolare standard,1046408,220-240V~ 50/60 Hz,620 rettangolare standard,1046428,220-240V~ 50/60 Hz,620 rettangolare standard,1046478,220-240V~ 50/60 Hz,620 rettangolare standard,1046488,220-240V~ 50/60 Hz,620 rettangolare standard,1046208,220-240V~ 50/60 Hz
168-171,620 Standard,Termoprotezione,620 rettangolare con siepe,1046218,120°C,620 rettangolare con siepe,1046418,120°C,620 articolata,1047048,120°C,620 articolata,1047148,120°C,620 tonda,1047508,120°C,620 tonda,1047518,120°C,620 rettangolare standard,1046408,120°C,620 rettangolare standard,1046428,120°C,620 rettangolare standard,1046478,120°C,620 rettangolare standard,1046488,120°C,620 rettangolare standard,1046208,120°C
168-171,620 Standard,Tipo di asta,620 rettangolare con siepe,1046218,Rettangolare - Rettangolare con siepe - Articolata - Tonda - Tonda pivottante,620 rettangolare con siepe,1046418,Rettangolare - Rettangolare con siepe - Articolata - Tonda - Tonda pivottante,620 articolata,1047048,Rettangolare - Rettangolare con siepe - Articolata - Tonda - Tonda pivottante,620 articolata,1047148,Rettangolare - Rettangolare con siepe - Articolata - Tonda - Tonda pivottante,620 tonda,1047508,Rettangolare - Rettangolare con siepe - Articolata - Tonda - Tonda pivottante,620 tonda,1047518,Rettangolare - Rettangolare con siepe - Articolata - Tonda - Tonda pivottante,620 rettangolare standard,1046408,Rettangolare - Rettangolare con siepe - Articolata - Tonda - Tonda pivottante,620 rettangolare standard,1046428,Rettangolare - Rettangolare con siepe - Articolata - Tonda - Tonda pivottante,620 rettangolare standard,1046478,Rettangolare - Rettangolare con siepe - Articolata - Tonda - Tonda pivottante,620 rettangolare standard,1046488,Rettangolare - Rettangolare con siepe - Articolata - Tonda - Tonda pivottante,620 rettangolare standard,1046208,Rettangolare - Rettangolare con siepe - Articolata - Tonda - Tonda pivottante
168-171,620 Standard,Tipo di materiale,620 rettangolare con siepe,1046218,Acciaio,620 rettangolare con siepe,1046418,Acciaio,620 articolata,1047048,Acciaio,620 articolata,1047148,Acciaio,620 tonda,1047508,Acciaio,620 tonda,1047518,Acciaio,620 rettangolare standard,1046408,Acciaio,620 rettangolare standard,1046428,Acciaio,620 rettangolare standard,1046478,Acciaio,620 rettangolare standard,1046488,Acciaio,620 rettangolare standard,1046208,Acciaio
168-171,620 Standard,Tipo di olio,620 rettangolare con siepe,1046218,FAAC HP OIL,620 rettangolare con siepe,1046418,FAAC HP OIL,620 articolata,1047048,FAAC HP OIL,620 articolata,1047148,FAAC HP OIL,620 tonda,1047508,FAAC HP OIL,620 tonda,1047518,FAAC HP OIL,620 rettangolare standard,1046408,FAAC HP OIL,620 rettangolare standard,1046428,FAAC HP OIL,620 rettangolare standard,1046478,FAAC HP OIL,620 rettangolare standard,1046488,FAAC HP OIL,620 rettangolare standard,1046208,FAAC HP OIL
168-171,620 Standard,Tipo di rallentamento,620 rettangolare con siepe,1046218,Elettronico - Regolabile con camme,620 rettangolare con siepe,1046418,Elettronico - Regolabile con camme,620 articolata,1047048,Elettronico - Regolabile con camme,620 articolata,1047148,Elettronico - Regolabile con camme,620 tonda,1047508,Elettronico - Regolabile con camme,620 tonda,1047518,Elettronico - Regolabile con camme,620 rettangolare standard,1046408,Elettronico - Regolabile con camme,620 rettangolare standard,1046428,Elettronico - Regolabile con camme,620 rettangolare standard,1046478,Elettronico - Regolabile con camme,620 rettangolare standard,1046488,Elettronico - Regolabile con camme,620 rettangolare standard,1046208,Elettronico - Regolabile con camme
168-171,620 Standard,Tipo di trattamento,620 rettangolare con siepe,1046218,Primer anticorrosivo 100 microns + Verniciatura in poliestere RAL 2004,620 rettangolare con siepe,1046418,Primer anticorrosivo 100 microns + Verniciatura in poliestere RAL 2004,620 articolata,1047048,Primer anticorrosivo 100 microns + Verniciatura in poliestere RAL 2004,620 articolata,1047148,Primer anticorrosivo 100 microns + Verniciatura in poliestere RAL 2004,620 tonda,1047508,Primer anticorrosivo 100 microns + Verniciatura in poliestere RAL 2004,620 tonda,1047518,Primer anticorrosivo 100 microns + Verniciatura in poliestere RAL 2004,620 rettangolare standard,1046408,Primer anticorrosivo 100 microns + Verniciatura in poliestere RAL 2004,620 rettangolare standard,1046428,Primer anticorrosivo 100 microns + Verniciatura in poliestere RAL 2004,620 rettangolare standard,1046478,Primer anticorrosivo 100 microns + Verniciatura in poliestere RAL 2004,620 rettangolare standard,1046488,Primer anticorrosivo 100 microns + Verniciatura in poliestere RAL 2004,620 rettangolare standard,1046208,Primer anticorrosivo 100 microns + Verniciatura in poliestere RAL 2004
168-171,620 Standard,Velocità di rotazione motore,620 rettangolare con siepe,1046218,1400 rpm (*),620 rettangolare con siepe,1046418,1400 rpm (*),620 articolata,1047048,1400 rpm (*),620 articolata,1047148,1400 rpm (*),620 tonda,1047508,1400 rpm (*),620 tonda,1047518,1400 rpm (*),620 rettangolare standard,1046408,1400 rpm (*),620 rettangolare standard,1046428,1400 rpm (*),620 rettangolare standard,1046478,1400 rpm (*),620 rettangolare standard,1046488,1400 rpm (*),620 rettangolare standard,1046208,1400 rpm (*)
172-175,620 Rapida,Apparecchiatura elettronica,620 Rapida,1046358,624BLD incorporata,620 Rapida,1046558,624BLD incorporata,Rapida,1046538,624BLD incorporata,Rapida,1046548,624BLD incorporata,Rapida,1046338,624BLD incorporata,Rapida,1046348,624BLD incorporata,Asta 3.300,428042,624BLD incorporata,Asta 2.300,428045,624BLD incorporata,Asta 2.315,428088,624BLD incorporata,Asta 2.815,428089,624BLD incorporata,Asta 3.815,428090,624BLD incorporata
172-175,620 Rapida,Coppia max,620 Rapida,1046358,0 ÷ 150 / 0 ÷ 140 Nm (*),620 Rapida,1046558,0 ÷ 150 / 0 ÷ 140 Nm (*),Rapida,1046538,0 ÷ 150 / 0 ÷ 140 Nm (*),Rapida,1046548,0 ÷ 150 / 0 ÷ 140 Nm (*),Rapida,1046338,0 ÷ 150 / 0 ÷ 140 Nm (*),Rapida,1046348,0 ÷ 150 / 0 ÷ 140 Nm (*),Asta 3.300,428042,0 ÷ 150 / 0 ÷ 140 Nm (*),Asta 2.300,428045,0 ÷ 150 / 0 ÷ 140 Nm (*),Asta 2.315,428088,0 ÷ 150 / 0 ÷ 140 Nm (*),Asta 2.815,428089,0 ÷ 150 / 0 ÷ 140 Nm (*),Asta 3.815,428090,0 ÷ 150 / 0 ÷ 140 Nm (*)
172-175,620 Rapida,Dimensioni (LxPxH),620 Rapida,1046358,350 x 170 x 1080 mm,620 Rapida,1046558,350 x 170 x 1080 mm,Rapida,1046538,350 x 170 x 1080 mm,Rapida,1046548,350 x 170 x 1080 mm,Rapida,1046338,350 x 170 x 1080 mm,Rapida,1046348,350 x 170 x 1080 mm,Asta 3.300,428042,350 x 170 x 1080 mm,Asta 2.300,428045,350 x 170 x 1080 mm,Asta 2.315,428088,350 x 170 x 1080 mm,Asta 2.815,428089,350 x 170 x 1080 mm,Asta 3.815,428090,350 x 170 x 1080 mm
172-175,620 Rapida,Encoder,620 Rapida,1046358,No - sicurezza oleodinamica antischiacciamento,620 Rapida,1046558,No - sicurezza oleodinamica antischiacciamento,Rapida,1046538,No - sicurezza oleodinamica antischiacciamento,Rapida,1046548,No - sicurezza oleodinamica antischiacciamento,Rapida,1046338,No - sicurezza oleodinamica antischiacciamento,Rapida,1046348,No - sicurezza oleodinamica antischiacciamento,Asta 3.300,428042,No - sicurezza oleodinamica antischiacciamento,Asta 2.300,428045,No - sicurezza oleodinamica antischiacciamento,Asta 2.315,428088,No - sicurezza oleodinamica antischiacciamento,Asta 2.815,428089,No - sicurezza oleodinamica antischiacciamento,Asta 3.815,428090,No - sicurezza oleodinamica antischiacciamento
172-175,620 Rapida,Frequenza di utilizzo,620 Rapida,1046358,100%,620 Rapida,1046558,100%,Rapida,1046538,100%,Rapida,1046548,100%,Rapida,1046338,100%,Rapida,1046348,100%,Asta 3.300,428042,100%,Asta 2.300,428045,100%,Asta 2.315,428088,100%,Asta 2.815,428089,100%,Asta 3.815,428090,100%
172-175,620 Rapida,Grado di protezione,620 Rapida,1046358,IP44,620 Rapida,1046558,IP44,Rapida,1046538,IP44,Rapida,1046548,IP44,Rapida,1046338,IP44,Rapida,1046348,IP44,Asta 3.300,428042,IP44,Asta 2.300,428045,IP44,Asta 2.315,428088,IP44,Asta 2.815,428089,IP44,Asta 3.815,428090,IP44
172-175,620 Rapida,Lunghezza (mm),620 Rapida,1046358,-,620 Rapida,1046558,-,Rapida,1046538,-,Rapida,1046548,-,Rapida,1046338,-,Rapida,1046348,-,Asta 3.300,428042,3.300,Asta 2.300,428045,2.300,Asta 2.315,428088,2.315,Asta 2.815,428089,2.815,Asta 3.815,428090,3.815
172-175,620 Rapida,Lunghezza max asta,620 Rapida,1046358,"3,8 m",620 Rapida,1046558,"3,8 m",Rapida,1046538,"3,8 m",Rapida,1046548,"3,8 m",Rapida,1046338,"3,8 m",Rapida,1046348,"3,8 m",Asta 3.300,428042,"3,8 m",Asta 2.300,428045,"3,8 m",Asta 2.315,428088,"3,8 m",Asta 2.815,428089,"3,8 m",Asta 3.815,428090,"3,8 m"
172-175,620 Rapida,Motore elettrico,620 Rapida,1046358,Asincrono monofase,620 Rapida,1046558,Asincrono monofase,Rapida,1046538,Asincrono monofase,Rapida,1046548,Asincrono monofase,Rapida,1046338,Asincrono monofase,Rapida,1046348,Asincrono monofase,Asta 3.300,428042,Asincrono monofase,Asta 2.300,428045,Asincrono monofase,Asta 2.315,428088,Asincrono monofase,Asta 2.815,428089,Asincrono monofase,Asta 3.815,428090,Asincrono monofase
172-175,620 Rapida,Peso,620 Rapida,1046358,73 Kg,620 Rapida,1046558,73 Kg,Rapida,1046538,73 Kg,Rapida,1046548,73 Kg,Rapida,1046338,73 Kg,Rapida,1046348,73 Kg,Asta 3.300,428042,73 Kg,Asta 2.300,428045,73 Kg,Asta 2.315,428088,73 Kg,Asta 2.815,428089,73 Kg,Asta 3.815,428090,73 Kg
172-175,620 Rapida,Portata gruppo motore-pompa,620 Rapida,1046358,"1,5 - 2 lpm (*)",620 Rapida,1046558,"1,5 - 2 lpm (*)",Rapida,1046538,"1,5 - 2 lpm (*)",Rapida,1046548,"1,5 - 2 lpm (*)",Rapida,1046338,"1,5 - 2 lpm (*)",Rapida,1046348,"1,5 - 2 lpm (*)",Asta 3.300,428042,"1,5 - 2 lpm (*)",Asta 2.300,428045,"1,5 - 2 lpm (*)",Asta 2.315,428088,"1,5 - 2 lpm (*)",Asta 2.815,428089,"1,5 - 2 lpm (*)",Asta 3.815,428090,"1,5 - 2 lpm (*)"
172-175,620 Rapida,Potenza max,620 Rapida,1046358,220 W,620 Rapida,1046558,220 W,Rapida,1046538,220 W,Rapida,1046548,220 W,Rapida,1046338,220 W,Rapida,1046348,220 W,Asta 3.300,428042,220 W,Asta 2.300,428045,220 W,Asta 2.315,428088,220 W,Asta 2.815,428089,220 W,Asta 3.815,428090,220 W
172-175,620 Rapida,Prezzo €,620 Rapida,1046358,,620 Rapida,1046558,,Rapida,1046538,,Rapida,1046548,,Rapida,1046338,,Rapida,1046348,,Asta 3.300,428042,"185,00",Asta 2.300,428045,"155,00",Asta 2.315,428088,"152,00",Asta 2.815,428089,"173,00",Asta 3.815,428090,"188,00"
172-175,620 Rapida,Raffreddamento,620 Rapida,1046358,Ad aria forzata,620 Rapida,1046558,Ad aria forzata,Rapida,1046538,Ad aria forzata,Rapida,1046548,Ad aria forzata,Rapida,1046338,Ad aria forzata,Rapida,1046348,Ad aria forzata,Asta 3.300,428042,Ad aria forzata,Asta 2.300,428045,Ad aria forzata,Asta 2.315,428088,Ad aria forzata,Asta 2.815,428089,Ad aria forzata,Asta 3.815,428090,Ad aria forzata
172-175,620 Rapida,Temperatura ambiente di esercizio,620 Rapida,1046358,-20°C ÷ +55°C,620 Rapida,1046558,-20°C ÷ +55°C,Rapida,1046538,-20°C ÷ +55°C,Rapida,1046548,-20°C ÷ +55°C,Rapida,1046338,-20°C ÷ +55°C,Rapida,1046348,-20°C ÷ +55°C,Asta 3.300,428042,-20°C ÷ +55°C,Asta 2.300,428045,-20°C ÷ +55°C,Asta 2.315,428088,-20°C ÷ +55°C,Asta 2.815,428089,-20°C ÷ +55°C,Asta 3.815,428090,-20°C ÷ +55°C
172-175,620 Rapida,Tempo di apertura,620 Rapida,1046358,2 s (90° - 3 m) - 3 s (90° - 4 m),620 Rapida,1046558,2 s (90° - 3 m) - 3 s (90° - 4 m),Rapida,1046538,2 s (90° - 3 m) - 3 s (90° - 4 m),Rapida,1046548,2 s (90° - 3 m) - 3 s (90° - 4 m),Rapida,1046338,2 s (90° - 3 m) - 3 s (90° - 4 m),Rapida,1046348,2 s (90° - 3 m) - 3 s (90° - 4 m),Asta 3.300,428042,2 s (90° - 3 m) - 3 s (90° - 4 m),Asta 2.300,428045,2 s (90° - 3 m) - 3 s (90° - 4 m),Asta 2.315,428088,2 s (90° - 3 m) - 3 s (90° - 4 m),Asta 2.815,428089,2 s (90° - 3 m) - 3 s (90° - 4 m),Asta 3.815,428090,2 s (90° - 3 m) - 3 s (90° - 4 m)
172-175,620 Rapida,Tensione di alimentazione di rete,620 Rapida,1046358,220-240V~ 50/60 Hz,620 Rapida,1046558,220-240V~ 50/60 Hz,Rapida,1046538,220-240V~ 50/60 Hz,Rapida,1046548,220-240V~ 50/60 Hz,Rapida,1046338,220-240V~ 50/60 Hz,Rapida,1046348,220-240V~ 50/60 Hz,Asta 3.300,428042,220-240V~ 50/60 Hz,Asta 2.300,428045,220-240V~ 50/60 Hz,Asta 2.315,428088,220-240V~ 50/60 Hz,Asta 2.815,428089,220-240V~ 50/60 Hz,Asta 3.815,428090,220-240V~ 50/60 Hz
172-175,620 Rapida,Termoprotezione,620 Rapida,1046358,120°C,620 Rapida,1046558,120°C,Rapida,1046538,120°C,Rapida,1046548,120°C,Rapida,1046338,120°C,Rapida,1046348,120°C,Asta 3.300,428042,120°C,Asta 2.300,428045,120°C,Asta 2.315,428088,120°C,Asta 2.815,428089,120°C,Asta 3.815,428090,120°C
172-175,620 Rapida,Tipo di asta,620 Rapida,1046358,Rettangolare - Articolata - Tonda - Tonda pivottante,620 Rapida,1046558,Rettangolare - Articolata - Tonda - Tonda pivottante,Rapida,1046538,Rettangolare - Articolata - Tonda - Tonda pivottante,Rapida,1046548,Rettangolare - Articolata - Tonda - Tonda pivottante,Rapida,1046338,Rettangolare - Articolata - Tonda - Tonda pivottante,Rapida,1046348,Rettangolare - Articolata - Tonda - Tonda pivottante,Asta 3.300,428042,Rettangolare - Articolata - Tonda - Tonda pivottante,Asta 2.300,428045,Rettangolare - Articolata - Tonda - Tonda pivottante,Asta 2.315,428088,Rettangolare - Articolata - Tonda - Tonda pivottante,Asta 2.815,428089,Rettangolare - Articolata - Tonda - Tonda pivottante,Asta 3.815,428090,Rettangolare - Articolata - Tonda - Tonda pivottante
172-175,620 Rapida,Tipo di materiale,620 Rapida,1046358,Acciaio,620 Rapida,1046558,Acciaio,Rapida,1046538,Acciaio,Rapida,1046548,Acciaio,Rapida,1046338,Acciaio,Rapida,1046348,Acciaio,Asta 3.300,428042,Acciaio,Asta 2.300,428045,Acciaio,Asta 2.315,428088,Acciaio,Asta 2.815,428089,Acciaio,Asta 3.815,428090,Acciaio
172-175,620 Rapida,Tipo di olio,620 Rapida,1046358,FAAC HP OIL,620 Rapida,1046558,FAAC HP OIL,Rapida,1046538,FAAC HP OIL,Rapida,1046548,FAAC HP OIL,Rapida,1046338,FAAC HP OIL,Rapida,1046348,FAAC HP OIL,Asta 3.300,428042,FAAC HP OIL,Asta 2.300,428045,FAAC HP OIL,Asta 2.315,428088,FAAC HP OIL,Asta 2.815,428089,FAAC HP OIL,Asta 3.815,428090,FAAC HP OIL
172-175,620 Rapida,Tipo di rallentamento,620 Rapida,1046358,Elettronico - Regolabile con camme,620 Rapida,1046558,Elettronico - Regolabile con camme,Rapida,1046538,Elettronico - Regolabile con camme,Rapida,1046548,Elettronico - Regolabile con camme,Rapida,1046338,Elettronico - Regolabile con camme,Rapida,1046348,Elettronico - Regolabile con camme,Asta 3.300,428042,Elettronico - Regolabile con camme,Asta 2.300,428045,Elettronico - Regolabile con camme,Asta 2.315,428088,Elettronico - Regolabile con camme,Asta 2.815,428089,Elettronico - Regolabile con camme,Asta 3.815,428090,Elettronico - Regolabile con camme
172-175,620 Rapida,Tipo di trattamento,620 Rapida,1046358,Primer anticorrosivo 100 microns + Verniciatura in poliestere RAL 2004,620 Rapida,1046558,Primer anticorrosivo 100 microns + Verniciatura in poliestere RAL 2004,Rapida,1046538,Primer anticorrosivo 100 microns + Verniciatura in poliestere RAL 2004,Rapida,1046548,Primer anticorrosivo 100 microns + Verniciatura in poliestere RAL 2004,Rapida,1046338,Primer anticorrosivo 100 microns + Verniciatura in poliestere RAL 2004,Rapida,1046348,Primer anticorrosivo 100 microns + Verniciatura in poliestere RAL 2004,Asta 3.300,428042,Primer anticorrosivo 100 microns + Verniciatura in poliestere RAL 2004,Asta 2.300,428045,Primer anticorrosivo 100 microns + Verniciatura in poliestere RAL 2004,Asta 2.315,428088,Primer anticorrosivo 100 microns + Verniciatura in poliestere RAL 2004,Asta 2.815,428089,Primer anticorrosivo 100 microns + Verniciatura in poliestere RAL 2004,Asta 3.815,428090,Primer anticorrosivo 100 microns + Verniciatura in poliestere RAL 2004
172-175,620 Rapida,Velocità di rotazione motore,620 Rapida,1046358,1.400 - 2.800 rpm (*),620 Rapida,1046558,1.400 - 2.800 rpm (*),Rapida,1046538,1.400 - 2.800 rpm (*),Rapida,1046548,1.400 - 2.800 rpm (*),Rapida,1046338,1.400 - 2.800 rpm (*),Rapida,1046348,1.400 - 2.800 rpm (*),Asta 3.300,428042,1.400 - 2.800 rpm (*),Asta 2.300,428045,1.400 - 2.800 rpm (*),Asta 2.315,428088,1.400 - 2.800 rpm (*),Asta 2.815,428089,1.400 - 2.800 rpm (*),Asta 3.815,428090,1.400 - 2.800 rpm (*)
176-179,B680H,Apparecchiatura elettronica,B680H,104680,E680,"Asta Iniziale S 3,3 m",428042,E680,"Asta Intera S 4,3 m",428043,E680,"Asta Intera S 5,3 m",428044,E680,"Asta Iniziale S 2,3 m",428045,E680,Asta Finale S 2 m,428046,E680,"Asta Intera L 5,3 m",428047,E680,Asta Iniziale L 4 m,428048,E680,"Asta Finale L 2,3 m",428049,E680,"Asta Finale L 3,3 m",428050,E680,"Asta Finale L 4,3 m",428051,E680
176-179,B680H,Dimensioni (LxPxH),B680H,104680,469 x 279 x 1100 mm,"Asta Iniziale S 3,3 m",428042,469 x 279 x 1100 mm,"Asta Intera S 4,3 m",428043,469 x 279 x 1100 mm,"Asta Intera S 5,3 m",428044,469 x 279 x 1100 mm,"Asta Iniziale S 2,3 m",428045,469 x 279 x 1100 mm,Asta Finale S 2 m,428046,469 x 279 x 1100 mm,"Asta Intera L 5,3 m",428047,469 x 279 x 1100 mm,Asta Iniziale L 4 m,428048,469 x 279 x 1100 mm,"Asta Finale L 2,3 m",428049,469 x 279 x 1100 mm,"Asta Finale L 3,3 m",428050,469 x 279 x 1100 mm,"Asta Finale L 4,3 m",428051,469 x 279 x 1100 mm
176-179,B680H,Encoder,B680H,104680,Encoder magnetico assoluto,"Asta Iniziale S 3,3 m",428042,Encoder magnetico assoluto,"Asta Intera S 4,3 m",428043,Encoder magnetico assoluto,"Asta Intera S 5,3 m",428044,Encoder magnetico assoluto,"Asta Iniziale S 2,3 m",428045,Encoder magnetico assoluto,Asta Finale S 2 m,428046,Encoder magnetico assoluto,"Asta Intera L 5,3 m",428047,Encoder magnetico assoluto,Asta Iniziale L 4 m,428048,Encoder magnetico assoluto,"Asta Finale L 2,3 m",428049,Encoder magnetico assoluto,"Asta Finale L 3,3 m",428050,Encoder magnetico assoluto,"Asta Finale L 4,3 m",428051,Encoder magnetico assoluto
176-179,B680H,Frequenza di utilizzo,B680H,104680,100%,"Asta Iniziale S 3,3 m",428042,100%,"Asta Intera S 4,3 m",428043,100%,"Asta Intera S 5,3 m",428044,100%,"Asta Iniziale S 2,3 m",428045,100%,Asta Finale S 2 m,428046,100%,"Asta Intera L 5,3 m",428047,100%,Asta Iniziale L 4 m,428048,100%,"Asta Finale L 2,3 m",428049,100%,"Asta Finale L 3,3 m",428050,100%,"Asta Finale L 4,3 m",428051,100%
176-179,B680H,Grado di protezione,B680H,104680,IP56 (attestato TÜV),"Asta Iniziale S 3,3 m",428042,IP56 (attestato TÜV),"Asta Intera S 4,3 m",428043,IP56 (attestato TÜV),"Asta Intera S 5,3 m",428044,IP56 (attestato TÜV),"Asta Iniziale S 2,3 m",428045,IP56 (attestato TÜV),Asta Finale S 2 m,428046,IP56 (attestato TÜV),"Asta Intera L 5,3 m",428047,IP56 (attestato TÜV),Asta Iniziale L 4 m,428048,IP56 (attestato TÜV),"Asta Finale L 2,3 m",428049,IP56 (attestato TÜV),"Asta Finale L 3,3 m",428050,IP56 (attestato TÜV),"Asta Finale L 4,3 m",428051,IP56 (attestato TÜV)
176-179,B680H,Lunghezza (mm),B680H,104680,-,"Asta Iniziale S 3,3 m",428042,"3,3 m","Asta Intera S 4,3 m",428043,"4,3 m","Asta Intera S 5,3 m",428044,"5,3 m","Asta Iniziale S 2,3 m",428045,"2,3 m",Asta Finale S 2 m,428046,2 m,"Asta Intera L 5,3 m",428047,"5,3 m",Asta Iniziale L 4 m,428048,4 m,"Asta Finale L 2,3 m",428049,"2,3 m","Asta Finale L 3,3 m",428050,"3,3 m","Asta Finale L 4,3 m",428051,"4,3 m"
176-179,B680H,Lunghezza max asta,B680H,104680,2 ÷ 8 m,"Asta Iniziale S 3,3 m",428042,2 ÷ 8 m,"Asta Intera S 4,3 m",428043,2 ÷ 8 m,"Asta Intera S 5,3 m",428044,2 ÷ 8 m,"Asta Iniziale S 2,3 m",428045,2 ÷ 8 m,Asta Finale S 2 m,428046,2 ÷ 8 m,"Asta Intera L 5,3 m",428047,2 ÷ 8 m,Asta Iniziale L 4 m,428048,2 ÷ 8 m,"Asta Finale L 2,3 m",428049,2 ÷ 8 m,"Asta Finale L 3,3 m",428050,2 ÷ 8 m,"Asta Finale L 4,3 m",428051,2 ÷ 8 m
176-179,B680H,Motore elettrico,B680H,104680,Brushless 36V,"Asta Iniziale S 3,3 m",428042,Brushless 36V,"Asta Intera S 4,3 m",428043,Brushless 36V,"Asta Intera S 5,3 m",428044,Brushless 36V,"Asta Iniziale S 2,3 m",428045,Brushless 36V,Asta Finale S 2 m,428046,Brushless 36V,"Asta Intera L 5,3 m",428047,Brushless 36V,Asta Iniziale L 4 m,428048,Brushless 36V,"Asta Finale L 2,3 m",428049,Brushless 36V,"Asta Finale L 3,3 m",428050,Brushless 36V,"Asta Finale L 4,3 m",428051,Brushless 36V
176-179,B680H,Peso,B680H,104680,85 Kg (65 Kg montante + 20 Kg cofano),"Asta Iniziale S 3,3 m",428042,85 Kg (65 Kg montante + 20 Kg cofano),"Asta Intera S 4,3 m",428043,85 Kg (65 Kg montante + 20 Kg cofano),"Asta Intera S 5,3 m",428044,85 Kg (65 Kg montante + 20 Kg cofano),"Asta Iniziale S 2,3 m",428045,85 Kg (65 Kg montante + 20 Kg cofano),Asta Finale S 2 m,428046,85 Kg (65 Kg montante + 20 Kg cofano),"Asta Intera L 5,3 m",428047,85 Kg (65 Kg montante + 20 Kg cofano),Asta Iniziale L 4 m,428048,85 Kg (65 Kg montante + 20 Kg cofano),"Asta Finale L 2,3 m",428049,85 Kg (65 Kg montante + 20 Kg cofano),"Asta Finale L 3,3 m",428050,85 Kg (65 Kg montante + 20 Kg cofano),"Asta Finale L 4,3 m",428051,85 Kg (65 Kg montante + 20 Kg cofano)
176-179,B680H,Portata gruppo motore-pompa,B680H,104680,"3,2 lpm","Asta Iniziale S 3,3 m",428042,"3,2 lpm","Asta Intera S 4,3 m",428043,"3,2 lpm","Asta Intera S 5,3 m",428044,"3,2 lpm","Asta Iniziale S 2,3 m",428045,"3,2 lpm",Asta Finale S 2 m,428046,"3,2 lpm","Asta Intera L 5,3 m",428047,"3,2 lpm",Asta Iniziale L 4 m,428048,"3,2 lpm","Asta Finale L 2,3 m",428049,"3,2 lpm","Asta Finale L 3,3 m",428050,"3,2 lpm","Asta Finale L 4,3 m",428051,"3,2 lpm"
176-179,B680H,Potenza max,B680H,104680,240 W,"Asta Iniziale S 3,3 m",428042,240 W,"Asta Intera S 4,3 m",428043,240 W,"Asta Intera S 5,3 m",428044,240 W,"Asta Iniziale S 2,3 m",428045,240 W,Asta Finale S 2 m,428046,240 W,"Asta Intera L 5,3 m",428047,240 W,Asta Iniziale L 4 m,428048,240 W,"Asta Finale L 2,3 m",428049,240 W,"Asta Finale L 3,3 m",428050,240 W,"Asta Finale L 4,3 m",428051,240 W
176-179,B680H,Prezzo €,B680H,104680,"2.176,00","Asta Iniziale S 3,3 m",428042,"185,00","Asta Intera S 4,3 m",428043,"230,00","Asta Intera S 5,3 m",428044,"274,00","Asta Iniziale S 2,3 m",428045,"155,00",Asta Finale S 2 m,428046,"134,00","Asta Intera L 5,3 m",428047,"364,00",Asta Iniziale L 4 m,428048,"318,00","Asta Finale L 2,3 m",428049,"215,00","Asta Finale L 3,3 m",428050,"274,00","Asta Finale L 4,3 m",428051,"322,00"
176-179,B680H,Temperatura ambiente di esercizio,B680H,104680,-20°C ÷ +65°C,"Asta Iniziale S 3,3 m",428042,-20°C ÷ +65°C,"Asta Intera S 4,3 m",428043,-20°C ÷ +65°C,"Asta Intera S 5,3 m",428044,-20°C ÷ +65°C,"Asta Iniziale S 2,3 m",428045,-20°C ÷ +65°C,Asta Finale S 2 m,428046,-20°C ÷ +65°C,"Asta Intera L 5,3 m",428047,-20°C ÷ +65°C,Asta Iniziale L 4 m,428048,-20°C ÷ +65°C,"Asta Finale L 2,3 m",428049,-20°C ÷ +65°C,"Asta Finale L 3,3 m",428050,-20°C ÷ +65°C,"Asta Finale L 4,3 m",428051,-20°C ÷ +65°C
176-179,B680H,Tempo di apertura,B680H,104680,"1,5 s (90° - 2m) - 6 s (90° - 8m)","Asta Iniziale S 3,3 m",428042,"1,5 s (90° - 2m) - 6 s (90° - 8m)","Asta Intera S 4,3 m",428043,"1,5 s (90° - 2m) - 6 s (90° - 8m)","Asta Intera S 5,3 m",428044,"1,5 s (90° - 2m) - 6 s (90° - 8m)","Asta Iniziale S 2,3 m",428045,"1,5 s (90° - 2m) - 6 s (90° - 8m)",Asta Finale S 2 m,428046,"1,5 s (90° - 2m) - 6 s (90° - 8m)","Asta Intera L 5,3 m",428047,"1,5 s (90° - 2m) - 6 s (90° - 8m)",Asta Iniziale L 4 m,428048,"1,5 s (90° - 2m) - 6 s (90° - 8m)","Asta Finale L 2,3 m",428049,"1,5 s (90° - 2m) - 6 s (90° - 8m)","Asta Finale L 3,3 m",428050,"1,5 s (90° - 2m) - 6 s (90° - 8m)","Asta Finale L 4,3 m",428051,"1,5 s (90° - 2m) - 6 s (90° - 8m)"
176-179,B680H,Tensione di alimentazione di rete,B680H,104680,Switching: 100 ÷ 240V~ 50/60 Hz,"Asta Iniziale S 3,3 m",428042,Switching: 100 ÷ 240V~ 50/60 Hz,"Asta Intera S 4,3 m",428043,Switching: 100 ÷ 240V~ 50/60 Hz,"Asta Intera S 5,3 m",428044,Switching: 100 ÷ 240V~ 50/60 Hz,"Asta Iniziale S 2,3 m",428045,Switching: 100 ÷ 240V~ 50/60 Hz,Asta Finale S 2 m,428046,Switching: 100 ÷ 240V~ 50/60 Hz,"Asta Intera L 5,3 m",428047,Switching: 100 ÷ 240V~ 50/60 Hz,Asta Iniziale L 4 m,428048,Switching: 100 ÷ 240V~ 50/60 Hz,"Asta Finale L 2,3 m",428049,Switching: 100 ÷ 240V~ 50/60 Hz,"Asta Finale L 3,3 m",428050,Switching: 100 ÷ 240V~ 50/60 Hz,"Asta Finale L 4,3 m",428051,Switching: 100 ÷ 240V~ 50/60 Hz
176-179,B680H,Tipo di asta,B680H,104680,Tonda,"Asta Iniziale S 3,3 m",428042,Tonda,"Asta Intera S 4,3 m",428043,Tonda,"Asta Intera S 5,3 m",428044,Tonda,"Asta Iniziale S 2,3 m",428045,Tonda,Asta Finale S 2 m,428046,Tonda,"Asta Intera L 5,3 m",428047,Tonda,Asta Iniziale L 4 m,428048,Tonda,"Asta Finale L 2,3 m",428049,Tonda,"Asta Finale L 3,3 m",428050,Tonda,"Asta Finale L 4,3 m",428051,Tonda
176-179,B680H,Tipo di materiale,B680H,104680,Acciaio,"Asta Iniziale S 3,3 m",428042,Acciaio,"Asta Intera S 4,3 m",428043,Acciaio,"Asta Intera S 5,3 m",428044,Acciaio,"Asta Iniziale S 2,3 m",428045,Acciaio,Asta Finale S 2 m,428046,Acciaio,"Asta Intera L 5,3 m",428047,Acciaio,Asta Iniziale L 4 m,428048,Acciaio,"Asta Finale L 2,3 m",428049,Acciaio,"Asta Finale L 3,3 m",428050,Acciaio,"Asta Finale L 4,3 m",428051,Acciaio
176-179,B680H,Tipo di olio,B680H,104680,FAAC HP OIL,"Asta Iniziale S 3,3 m",428042,FAAC HP OIL,"Asta Intera S 4,3 m",428043,FAAC HP OIL,"Asta Intera S 5,3 m",428044,FAAC HP OIL,"Asta Iniziale S 2,3 m",428045,FAAC HP OIL,Asta Finale S 2 m,428046,FAAC HP OIL,"Asta Intera L 5,3 m",428047,FAAC HP OIL,Asta Iniziale L 4 m,428048,FAAC HP OIL,"Asta Finale L 2,3 m",428049,FAAC HP OIL,"Asta Finale L 3,3 m",428050,FAAC HP OIL,"Asta Finale L 4,3 m",428051,FAAC HP OIL
176-179,B680H,Tipo di rallentamento,B680H,104680,Elettronico - tramite encoder,"Asta Iniziale S 3,3 m",428042,Elettronico - tramite encoder,"Asta Intera S 4,3 m",428043,Elettronico - tramite encoder,"Asta Intera S 5,3 m",428044,Elettronico - tramite encoder,"Asta Iniziale S 2,3 m",428045,Elettronico - tramite encoder,Asta Finale S 2 m,428046,Elettronico - tramite encoder,"Asta Intera L 5,3 m",428047,Elettronico - tramite encoder,Asta Iniziale L 4 m,428048,Elettronico - tramite encoder,"Asta Finale L 2,3 m",428049,Elettronico - tramite encoder,"Asta Finale L 3,3 m",428050,Elettronico - tramite encoder,"Asta Finale L 4,3 m",428051,Elettronico - tramite encoder
176-179,B680H,Tipo di trattamento,B680H,104680,Primer anticorrosivo 100 microns + Verniciatura in poliestere o cofano INOX,"Asta Iniziale S 3,3 m",428042,Primer anticorrosivo 100 microns + Verniciatura in poliestere o cofano INOX,"Asta Intera S 4,3 m",428043,Primer anticorrosivo 100 microns + Verniciatura in poliestere o cofano INOX,"Asta Intera S 5,3 m",428044,Primer anticorrosivo 100 microns + Verniciatura in poliestere o cofano INOX,"Asta Iniziale S 2,3 m",428045,Primer anticorrosivo 100 microns + Verniciatura in poliestere o cofano INOX,Asta Finale S 2 m,428046,Primer anticorrosivo 100 microns + Verniciatura in poliestere o cofano INOX,"Asta Intera L 5,3 m",428047,Primer anticorrosivo 100 microns + Verniciatura in poliestere o cofano INOX,Asta Iniziale L 4 m,428048,Primer anticorrosivo 100 microns + Verniciatura in poliestere o cofano INOX,"Asta Finale L 2,3 m",428049,Primer anticorrosivo 100 microns + Verniciatura in poliestere o cofano INOX,"Asta Finale L 3,3 m",428050,Primer anticorrosivo 100 microns + Verniciatura in poliestere o cofano INOX,"Asta Finale L 4,3 m",428051,Primer anticorrosivo 100 microns + Verniciatura in poliestere o cofano INOX
176-179,B680H,Velocità di rotazione motore,B680H,104680,1.000 ÷ 6.000 rpm,"Asta Iniziale S 3,3 m",428042,1.000 ÷ 6.000 rpm,"Asta Intera S 4,3 m",428043,1.000 ÷ 6.000 rpm,"Asta Intera S 5,3 m",428044,1.000 ÷ 6.000 rpm,"Asta Iniziale S 2,3 m",428045,1.000 ÷ 6.000 rpm,Asta Finale S 2 m,428046,1.000 ÷ 6.000 rpm,"Asta Intera L 5,3 m",428047,1.000 ÷ 6.000 rpm,Asta Iniziale L 4 m,428048,1.000 ÷ 6.000 rpm,"Asta Finale L 2,3 m",428049,1.000 ÷ 6.000 rpm,"Asta Finale L 3,3 m",428050,1.000 ÷ 6.000 rpm,"Asta Finale L 4,3 m",428051,1.000 ÷ 6.000 rpm
