nome_modello,codice_sku,confezione
DELTA 2 kit 230V SAFE,1056303445,"Motoriduttore 740 E Z16 con apparecchiatura elettronica ed encoder incorporati, piastra di fondazione; Lampeggiatore XLED; Coppia di fotocellule XP20 D; Pulsante a chiave e di comando XK10; Serratura con chiave personalizzata; Ricevente ad innesto 1 canale RP 433 SLH; Trasmittente 2 canali XT2 433 SLH LR; Cartello &quot;Automatico FAAC&quot;; Automazioni in kit per ante scorrevoli; PRATICO C kit; Automazione 230V a bagno d’olio"
DELTA 2 kit PERFECT 60,120009,
DELTA 3 kit 230V SAFE,105630445,"Motoriduttore 741 E Z16 con apparecchiatura elettronica ed encoder incorporati, piastra di fondazione; Lampeggiatore XLED; Coppia di fotocellule XP 20 D; Pulsante a chiave e di comando XK10; Serratura con chiave personalizzata; Ricevente ad innesto 1 canale RP 433 SLH; Trasmittente 2 canali XT2 433 SLH LR; Cartello &quot;Automatico FAAC&quot;; Peso max anta; 400 kg; Velocità max; 18 m/min.; Peso max anta; 900 Kg; Velocità max"
DELTA 3 kit PERFECT 60,120010,
DOLPHIN D600 kit 24V SAFE,10566544,Attuatore D600; Ricevente XF 433 MHz; Trasmittente 2 canali XT2 433 SLH LR; Cartello &quot;Automatico FAAC&quot;; N.B. per l’applicazione del DOLPHIN kit su porte basculanti a molle o contrappesi è necessario utilizzare l’accessorio GDA 2400 (codice 390548); Il binario a cinghia non è compreso nella confezione.; Automazioni in kit per porte basculanti; SOLID kit; Automazione elettromeccanica 230V
ECO kit 230V,105632445,Attuatore 412 dx; Attuatore 412 sx; Scheda elettronica E045S; Contenitore mod. E per schede elettroniche; Lampeggiatore XLED; Coppia di fotocellule XP 20B D; Pulsante a chiave e di comando XK10 B; Serratura con chiave personalizzata; Ricevente XF 433 MHz; Trasmittente 2 canali XT2 433 SLH LR; Cartello &quot;Automatico FAAC&quot;; Automazioni in kit per ante a battente esterno; HANDY kit; Automazione elettromeccanica 24V
ENERGY kit 24V SAFE,104575,"Attuatore 392 C con scheda elettronica e braccio articolato; Attuatore 392 con braccio articolato; Lampeggiatore XLED; Coppia di fotocellule XP 20B D; Pulsante a chiave e di comando XK10 B; Serratura con chiave personalizzata; Ricevente XF 433 MHz; Trasmittente 2 canali XT2 433 SLH LR; Cartello &quot;Automatico FAAC&quot;; Larghezza max singola anta; 2 m (2,5 m con elettroserratura); Larghezza max singola anta; 2 m (2,5 m con elettroserratura)"
HANDY kit 24V SAFE,105998,"Attuatori S418 24V; Apparecchiatura elettronica E034 con contenitore; Ricevente XF 433 MHz; Lampeggiatore XLED; Coppia di fotocellule XP 20B D; Pulsante a chiave e di comando XK10 B; Serratura con chiave personalizzata; Trasmittente 2 canali XT2 433 SLH LR; Cartello &quot;Automatico FAAC&quot;; Larghezza max singola anta; 1,8 m; Larghezza max singola anta; 2,3 m / 2,7 m con elettroserratura"
HYBRID kit 24V SAFE,105683,Attuatori S450H CBAC; Apparecchiatura elettronica E124 con contenitore; Ricevente XF 433 MHz; Lampeggiatore XLED; Coppia di fotocellule XP 20B D; Pulsante a chiave e di comando XK10 B; Serratura con chiave personalizzata; Trasmittente 2 canali XT2 433 SLH LR; Cartello &quot;Automatico FAAC&quot;; Automazioni in kit per ante a battente esterno; SAFE&GREEN Retrofit kit; Kit per l&apos;aggiornamento di impianti esistenti 230V
Leader kit 230V,105633445,"Attuatori 402 CBC; Scheda elettronica E045S; Contenitore mod. E per schede elettroniche; Lampeggiatore XLED; Coppia di fotocellule XP 20B D; Pulsante a chiave e di comando XK10 B; Serratura con chiave personalizzata; Ricevente XF 433 MHz; Trasmittente 2 canali XT2 433 SLH LR; Cartello “Automatico FAAC”; Larghezza max singola anta; 1,8 m (2,5 m con elettroserratura); Larghezza max singola anta; 1,8 m"
MASTER kit 230V,104415445,"Attuatori 415 230V; Scheda elettronica E045S; Contenitore mod. E per schede elettroniche; Ricevente XF 433 MHz; Trasmittente 2 canali XT2 433 SLH LR; Lampeggiatore XLED; Coppia di fotocellule XP 20B D; Pulsante a chiave e di comando XK10 B; Serratura con chiave personalizzata; Cartello &quot;Automatico FAAC&quot;; Larghezza max singola anta; 2,5 m (3 m con elettroserratura); Larghezza max singola anta; 2,5 m (3 m con elettroserratura)"
MASTER kit 24V SAFE,104415144,Attuatori 415 24V; Apparecchiatura elettronica E034 con contenitore; Ricevente XF 433 MHz; Trasmittente 2 canali XT2 433 SLH LR; Lampeggiatore XLED; Coppia di fotocellule XP 20B D; Pulsante a chiave e di comando XK10 B; Serratura con chiave personalizzata; Cartello &quot;Automatico FAAC&quot;; Automazioni in kit per ante a battente esterno; MASTER 230V kit; Automazione elettromeccanica 230V; SAFEzone composto da:; MASTER kit 230V; + 2 SAFEcoder (da acquistare separatamente)
POWER kit 230V,106746445,"Attuatori 770N 230V; Scheda elettronica E045S; Contenitore mod. E per schede elettroniche; Ricevente XF 433 MHz; Trasmittente 2 canali XT2 433 SLH LR; Lampeggiatore XLED; Coppia di fotocellule XP 20B D; Pulsante a chiave e di comando XK10 B; Serratura con chiave personalizzata; Cartello &quot;Automatico FAAC&quot;; Larghezza max singola anta; 2 m (3,5 m con elettroserratura); Peso max; 500 Kg; Larghezza max singola anta"
POWER kit 230V,404035,"Attuatori 770N 230V; Scheda elettronica E045S; Contenitore mod. E per schede elettroniche; Ricevente XF 433 MHz; Trasmittente 2 canali XT2 433 SLH LR; Lampeggiatore XLED; Coppia di fotocellule XP 20B D; Pulsante a chiave e di comando XK10 B; Serratura con chiave personalizzata; Cartello &quot;Automatico FAAC&quot;; Larghezza max singola anta; 2 m (3,5 m con elettroserratura); Peso max; 500 Kg; Larghezza max singola anta"
POWER kit 24V SAFE,106747445,Attuatori 770N 24V; Apparecchiatura elettronica E034 con contenitore; Ricevente XF 433 MHz; Trasmittente 2 canali XT2 433 SLH LR; Lampeggiatore XLED; Coppia di fotocellule XP 20B D; Pulsante a chiave e di comando XK10 B; Serratura con chiave personalizzata; Cartello &quot;Automatico FAAC&quot;; Automazioni in kit per battente a motore interrato; POWER 230V kit; Automazione elettromeccanica 230V interrata; SAFEzone composto da:; POWER kit 230V; + 2 SAFEcoder (da acquistare separatamente)
POWER kit 24V SAFE,490065,Attuatori 770N 24V; Apparecchiatura elettronica E034 con contenitore; Ricevente XF 433 MHz; Trasmittente 2 canali XT2 433 SLH LR; Lampeggiatore XLED; Coppia di fotocellule XP 20B D; Pulsante a chiave e di comando XK10 B; Serratura con chiave personalizzata; Cartello &quot;Automatico FAAC&quot;; Automazioni in kit per battente a motore interrato; POWER 230V kit; Automazione elettromeccanica 230V interrata; SAFEzone composto da:; POWER kit 230V; + 2 SAFEcoder (da acquistare separatamente)
PRATICO C kit 230V SAFE,105940,"Motoriduttore 740 E Z16 con apparecchiatura elettronica ed encoder incorporati, piastra di fondazione; Lampeggiatore XLED; Coppia di fotocellule XP20 D; Pulsante a chiave e di comando XK10; Serratura con chiave personalizzata; Ricevente ad innesto 1 canale RP 433 SLH; Trasmittente 2 canali XT2 433 SLH LR; Cartello &quot;Automatico FAAC&quot;; Automazioni in kit per ante scorrevoli; PRATICO C kit; Automazione 230V a bagno d’olio"
RAPID kit 24V SAFE&GREEN,1059995,Motoriduttore C720-C721 con apparecchiatura elettronica incorporata e piastra di fondazione; 109320/109321; Ricevente XF 433 MHz; Trasmittente 2 canali XT2 433 SLH LR; Lampeggiatore XLED; Coppia di fotocellule XP 20B D; Pulsante a chiave e di comando XK10 B; Serratura con chiave personalizzata; Cartello &quot;Automatico FAAC&quot;; Automazioni in kit per ante scorrevoli; DELTA 3 kit; Automazione elettromeccanica 230V
RAPID kit 800 Kg - 24V SAFE&GREEN,105083,Motoriduttore C720-C721 con apparecchiatura elettronica incorporata e piastra di fondazione; 109320/109321; Ricevente XF 433 MHz; Trasmittente 2 canali XT2 433 SLH LR; Lampeggiatore XLED; Coppia di fotocellule XP 20B D; Pulsante a chiave e di comando XK10 B; Serratura con chiave personalizzata; Cartello &quot;Automatico FAAC&quot;; Automazioni in kit per ante scorrevoli; DELTA 3 kit; Automazione elettromeccanica 230V
ROTOR KIT,109940,RL200_220/60 EF; XK30 selettore a chiave con leva di sblocco; Scheda elettronica 200 MPS; Contenitore apparecchiatura elettronica MOD.E; Ricevente ad innesto RP 433 SLH-DS-SL; Trasmittente XT4 433 SLH LR bianca; XP20 D fotocellula orientabile 20m; Capacità di sollevamento; Fino a 180 kg
SAFE&GREEN Retrofit kit E145S,390113,Scheda elettronica E145S; SAFEcoder encoder assoluto magnetico BUS; Larghezza max singola anta
SOLID kit 230V SAFE,10561644,"Attuatore elettromeccanico 550 ITT con apparecchiatura elettronica ed encoder incorporati; Longherone di fissaggio 1,3 m; incluso; Sblocco esterno con chiavi personalizzate dal n. 1 al n. 50; 424550001-50; Ricevente ad innesto 1 canale RP 433 SLH; Trasmittente 2 canali XT2 433 SLH LR; Cartello &quot;Automatico FAAC&quot;; Attenzione: bracci telescopici e tubi di trasmissione non compresi nella confezione.; Forza max tiro/spinta; 600N; Larghezza max porta; Peso max porta; 10 Kg/mq"
TM2K KIT MINI 25/17,143201,Motore Tubolare TM245 (corredato di istruzioni e chiave di regolazione); Adattatore per tubo ottagonale Ø60mm; Supporto motore; Attacchi flessibili in acciaio per attaccare la tapparella al rullo avvolgitore; TM2 X TW-1; Trasmittente murale 433 MHz - 1 canale; TM2 X T-6; Radio timer 6 canali; TM2 X R Ricevente esterna Compact per tapparelle; TM2 X; Ricevente esterna Mini; TM2 POP 1 Radiocomando 433MHz; TM2 POP 1S Radiocomando 433MHz; TM2 POP 7 Radiocomando 433MHz; TM2 POP 7S Radiocomando 433MHz
TM2K KIT MINI 30/17,143202,Motore Tubolare TM245 (corredato di istruzioni e chiave di regolazione); Adattatore per tubo ottagonale Ø60mm; Supporto motore; Attacchi flessibili in acciaio per attaccare la tapparella al rullo avvolgitore; TM2 X TW-1; Trasmittente murale 433 MHz - 1 canale; TM2 X T-6; Radio timer 6 canali; TM2 X R Ricevente esterna Compact per tapparelle; TM2 X; Ricevente esterna Mini; TM2 POP 1 Radiocomando 433MHz; TM2 POP 1S Radiocomando 433MHz; TM2 POP 7 Radiocomando 433MHz; TM2 POP 7S Radiocomando 433MHz
TM2K KIT MINI 50/12,143203,Motore Tubolare TM245 (corredato di istruzioni e chiave di regolazione); Adattatore per tubo ottagonale Ø60mm; Supporto motore; Attacchi flessibili in acciaio per attaccare la tapparella al rullo avvolgitore; TM2 X TW-1; Trasmittente murale 433 MHz - 1 canale; TM2 X T-6; Radio timer 6 canali; TM2 X R Ricevente esterna Compact per tapparelle; TM2 X; Ricevente esterna Mini; TM2 POP 1 Radiocomando 433MHz; TM2 POP 1S Radiocomando 433MHz; TM2 POP 7 Radiocomando 433MHz; TM2 POP 7S Radiocomando 433MHz
Trendy kit 230V,104419445,Attuatore 413; Scheda elettronica E045S; Contenitore mod. E per schede elettroniche; Lampeggiatore XLED; Coppia di fotocellule XP 20B D; Pulsante a chiave e di comando XK10 B; Serratura con chiave personalizzata; Ricevente XF 433 MHz; Trasmittente 2 canali XT2 433 SLH LR; Cartello &quot;Automatico FAAC&quot;; Automazioni in kit per ante a battente esterno; LEADER kit; Automazione oleodinamica 230V; SAFEzone composto da:; Leader kit 230V
