page;product_name;codici_modelli;categoria_prodotto
;;;Categoria
28;LEADER kit PERFECT 60;"104468; 120013; 404040; 410029; 720119; 785103; 787017; 787025; 790077";PERFECT KIT
29;MASTER kit 230V PERFECT 60;"104415; 120015; 404040; 410029; 720119; 785103; 787017; 787025; 790077";PERFECT KIT
30;MASTER kit 24V PERFECT 60;"102011; 120016; 410029; 785103; 787017; 787025; 1044151";PERFECT KIT
31;HANDY kit PERFECT 60;"102011; 104301; 120019; 410029; 785103; 787017; 787025";PERFECT KIT
32;ECO kit PERFECT 60;"104470; 104471; 120014; 404041; 410029; 720119; 785103; 787017; 787025; 790077";PERFECT KIT
33;HIGH kit PERFECT 60;"102011; 104250; 120020; 416250; 416251; 490250; 785103; 787017; 787025";PERFECT KIT
34;POWER kit 230V PERFECT 60;"120017; 404035; 410029; 490065; 720119; 785103; 787017; 787025; 790077; 10675201";PERFECT KIT
35;POWER kit 24V PERFECT 60;"102011; 120018; 410029; 490065; 785103; 787017; 787025; 10675201";PERFECT KIT
36;PRATICO C kit PERFECT 60;"109745; 120011; 410029; 737816; 785103; 787017; 787025";PERFECT KIT
37;DELTA 2 kit PERFECT 60;"109600; 120009; 410029; 787017; 787025";PERFECT KIT
38;DELTA 3 kit PERFECT 60;"109702; 120010; 410029; 785102; 787017; 787025";PERFECT KIT
39;RAPID kit PERFECT 60;"109320; 120012; 410029; 785103; 787017; 787025";PERFECT KIT
42;SAFE&GREEN Retrofit kit;"390113; 404040; 790076";CLASSIC KIT
43;HYBRID kit;"104100; 105683; 401304; 410029; 785103; 787007; 787831; 790284; 71275101";CLASSIC KIT
44;LEADER kit;"104468; 401304; 404040; 410029; 720119; 785103; 787007; 787831; 790077; 71275101; 105633445";CLASSIC KIT
45;TRENDY kit 230V;"104413; 401304; 404040; 410029; 720119; 785103; 787007; 787831; 790077; 71275101; 104419445";CLASSIC KIT
46;MASTER kit 230V;"104415; 401304; 404040; 410029; 720119; 785103; 787007; 787831; 790077; 71275101; 104415445";CLASSIC KIT
47;MASTER kit 24V;"102011; 401304; 410029; 785103; 787007; 787831; 1044151; 71275101; 104415144";CLASSIC KIT
48;HANDY kit;"102011; 104301; 105998; 401304; 410029; 785103; 787007; 787831; 71275101";CLASSIC KIT
49;ECO kit;"104470; 104471; 401304; 404041; 410029; 720119; 785103; 787007; 787831; 790077; 71275101; 105632445";CLASSIC KIT
50;ENERGY kit;"104575; 104583; 104584; 401304; 410029; 785103; 787007; 787831; 71275101";CLASSIC KIT
51;HIGH KIT;"102011; 104250; 401304; 416250; 416251; 490250; 785103; 787007; 787831; 71275101; 104250445";CLASSIC KIT
52;POWER kit 230V;"401304; 404035; 410029; 490065; 720119; 785103; 787007; 787831; 790077; 10675201; 71275101; 106746445";CLASSIC KIT
53;POWER kit 24V;"102011; 401304; 410029; 490065; 785103; 787007; 787831; 10675301; 71275101; 106747445";CLASSIC KIT
54;PRATICO C kit;"105940; 109745; 401304; 410029; 737816; 785103; 787007; 787831; 71275101";CLASSIC KIT
55;DELTA 2 kit;"401302; 410029; 785102; 787007; 787852; 1097805; 71275101; 1056303445";CLASSIC KIT
56;DELTA 3 kit;"401302; 410029; 785102; 787007; 787852; 1097815; 71275101; 105630445";CLASSIC KIT
57;RAPID kit;"105083; 109320; 109321; 401304; 410029; 785103; 787007; 787831; 1059995; 71275101";CLASSIC KIT
58;SOLID kit;"110549; 787007; 787852; 10561644; 424550001";CLASSIC KIT
59;DOLPHIN kit;"110600; 390548; 787007; 787831; 10566544";CLASSIC KIT
60;ROTOR Kit;"109940; 109951; 391456; 720119; 785102; 787008; 787852; 790905";CLASSIC KIT
72;S418;104301;Automazioni per ante a battente esterno
74;412;"104470; 104471";Automazioni per ante a battente esterno
74;412;"104470; 104471";Automazioni per ante a battente esterno
76;413 230V;104413;Automazioni per ante a battente esterno
78;415 230V;"104415; 104417";Automazioni per ante a battente esterno
78;415 230V;"104415; 104417";Automazioni per ante a battente esterno
80;415 24V;"1044151; 1044171";Automazioni per ante a battente esterno
80;415 24V;"1044151; 1044171";Automazioni per ante a battente esterno
82;390 230V;104570;Automazioni per ante a battente esterno
84;392 C;"104583; 104584";Automazioni per ante a battente esterno
84;392 C;"104583; 104584";Automazioni per ante a battente esterno
86;402;"104468; 104474";Automazioni per ante a battente esterno
86;402;"104468; 104474";Automazioni per ante a battente esterno
88;422;"104200; 104210";Automazioni per ante a battente esterno
88;422;"104200; 104210";Automazioni per ante a battente esterno
90;400;"104205; 104206; 104203; 104201; 104202; 104220";Automazioni per ante a battente esterno
90;400;"104205; 104206; 104203; 104201; 104202; 104220";Automazioni per ante a battente esterno
90;400;"104205; 104206; 104203; 104201; 104202; 104220";Automazioni per ante a battente esterno
90;400;"104205; 104206; 104203; 104201; 104202; 104220";Automazioni per ante a battente esterno
90;400;"104205; 104206; 104203; 104201; 104202; 104220";Automazioni per ante a battente esterno
90;400;"104205; 104206; 104203; 104201; 104202; 104220";Automazioni per ante a battente esterno
92;S450H;"104100; 104101";Automazioni per ante a battente esterno
92;S450H;"104100; 104101";Automazioni per ante a battente esterno
96;S2500I;104250;Automazioni per ante a battente con motore interrato
98;770N 230V;10675201;Automazioni per ante a battente con motore interrato
100;770N 24V;10675301;Automazioni per ante a battente con motore interrato
102;S800H ENC;"108720; 108724; 108722; 108725";Automazioni per ante a battente con motore interrato
102;S800H ENC;"108720; 108724; 108722; 108725";Automazioni per ante a battente con motore interrato
102;S800H ENC;"108720; 108724; 108722; 108725";Automazioni per ante a battente con motore interrato
102;S800H ENC;"108720; 108724; 108722; 108725";Automazioni per ante a battente con motore interrato
104;S800 ENC;"108800; 108802; 108801; 108803";Automazioni per ante a battente con motore interrato
104;S800 ENC;"108800; 108802; 108801; 108803";Automazioni per ante a battente con motore interrato
104;S800 ENC;"108800; 108802; 108801; 108803";Automazioni per ante a battente con motore interrato
104;S800 ENC;"108800; 108802; 108801; 108803";Automazioni per ante a battente con motore interrato
108;C4000I;109001;Automazioni per cancelli scorrevoli
110;C720;109320;Automazioni per cancelli scorrevoli
112;C721;109321;Automazioni per cancelli scorrevoli
114;740;1097805;Automazioni per cancelli scorrevoli
116;740 C;109600;Automazioni per cancelli scorrevoli
118;741;1097815;Automazioni per cancelli scorrevoli
120;741 C;109602;Automazioni per cancelli scorrevoli
122;746 C;"109745; 109746";Automazioni per cancelli scorrevoli
122;746 C;"109745; 109746";Automazioni per cancelli scorrevoli
124;844 C;"109925; 109926";Automazioni per cancelli scorrevoli
124;844 C;"109925; 109926";Automazioni per cancelli scorrevoli
126;844 3PH;"109928; 109904";Automazioni per cancelli scorrevoli
126;844 3PH;"109928; 109904";Automazioni per cancelli scorrevoli
128;884 MC 3PH;109885;Automazioni per cancelli scorrevoli
130;C851;109903;Automazioni per cancelli scorrevoli
134;D600;110600;Automazioni per porte sezionali
136;D700 HS;110602;Automazioni per porte sezionali
138;D1000;110601;Automazioni per porte sezionali
148;550;"110549; D550 ITT; 110123; 110553; D550 Slave S/L; 110124; 110562; D550 L ITT; 110127; 110558; D550 L Slave; 110125";Automazioni per porte basculanti
148;550;"110549; D550 ITT; 110123; 110553; D550 Slave S/L; 110124; 110562; D550 L ITT; 110127; 110558; D550 L Slave; 110125";Automazioni per porte basculanti
148;550;"110549; D550 ITT; 110123; 110553; D550 Slave S/L; 110124; 110562; D550 L ITT; 110127; 110558; D550 L Slave; 110125";Automazioni per porte basculanti
148;550;"110549; D550 ITT; 110123; 110553; D550 Slave S/L; 110124; 110562; D550 L ITT; 110127; 110558; D550 L Slave; 110125";Automazioni per porte basculanti
148;550;"110549; D550 ITT; 110123; 110553; D550 Slave S/L; 110124; 110562; D550 L ITT; 110127; 110558; D550 L Slave; 110125";Automazioni per porte basculanti
148;550;"110549; D550 ITT; 110123; 110553; D550 Slave S/L; 110124; 110562; D550 L ITT; 110127; 110558; D550 L Slave; 110125";Automazioni per porte basculanti
148;550;"110549; D550 ITT; 110123; 110553; D550 Slave S/L; 110124; 110562; D550 L ITT; 110127; 110558; D550 L Slave; 110125";Automazioni per porte basculanti
148;550;"110549; D550 ITT; 110123; 110553; D550 Slave S/L; 110124; 110562; D550 L ITT; 110127; 110558; D550 L Slave; 110125";Automazioni per porte basculanti
148;550;"110549; D550 ITT; 110123; 110553; D550 Slave S/L; 110124; 110562; D550 L ITT; 110127; 110558; D550 L Slave; 110125";Automazioni per porte basculanti
148;550;"110549; D550 ITT; 110123; 110553; D550 Slave S/L; 110124; 110562; D550 L ITT; 110127; 110558; D550 L Slave; 110125";Automazioni per porte basculanti
148;550;"110549; D550 ITT; 110123; 110553; D550 Slave S/L; 110124; 110562; D550 L ITT; 110127; 110558; D550 L Slave; 110125";Automazioni per porte basculanti
148;550;"110549; D550 ITT; 110123; 110553; D550 Slave S/L; 110124; 110562; D550 L ITT; 110127; 110558; D550 L Slave; 110125";Automazioni per porte basculanti
150;580 - 593;"104501; 104502; 110597";Automazioni per porte basculanti
150;580 - 593;"104501; 104502; 110597";Automazioni per porte basculanti
150;580 - 593;"104501; 104502; 110597";Automazioni per porte basculanti
154;390 230V;104570;Automazioni per porte a libro
156;560;"104561; 104562";Automazioni per porte a libro
156;560;"104561; 104562";Automazioni per porte a libro
160;B614;"104614; 1046143";Barriere automatiche
160;B614;"104614; 1046143";Barriere automatiche
164;615BPR;"104906; 104910";Barriere automatiche
164;615BPR;"104906; 104910";Barriere automatiche
168;620 Standard;Vedi tabella seguente;Barriere automatiche
172;620 Rapida;Vedi tabella seguente;Barriere automatiche
176;B680H;104680;Barriere automatiche
187;Contenitori;"720309; 720119; 720118";Apparecchiature elettroniche di comando
187;Contenitori;"720309; 720119; 720118";Apparecchiature elettroniche di comando
187;Contenitori;"720309; 720119; 720118";Apparecchiature elettroniche di comando
196;Dispositivi Simply Connect;"787378; 787510; 787349; 790418";Accessori per automazioni
196;Dispositivi Simply Connect;"787378; 787510; 787349; 790418";Accessori per automazioni
196;Dispositivi Simply Connect;"787378; 787510; 787349; 790418";Accessori per automazioni
196;Dispositivi Simply Connect;"787378; 787510; 787349; 790418";Accessori per automazioni
197;Applicazioni Simply Connect;"787378; 787510; 787349; 790418";Accessori per automazioni
197;Applicazioni Simply Connect;"787378; 787510; 787349; 790418";Accessori per automazioni
197;Applicazioni Simply Connect;"787378; 787510; 787349; 790418";Accessori per automazioni
197;Applicazioni Simply Connect;"787378; 787510; 787349; 790418";Accessori per automazioni
200;Sistema 433-868MHz FDS;"787017; 787018; 787023; 787024; 787021; 787022; 787025";Accessori per automazioni
200;Sistema 433-868MHz FDS;"787017; 787018; 787023; 787024; 787021; 787022; 787025";Accessori per automazioni
200;Sistema 433-868MHz FDS;"787017; 787018; 787023; 787024; 787021; 787022; 787025";Accessori per automazioni
200;Sistema 433-868MHz FDS;"787017; 787018; 787023; 787024; 787021; 787022; 787025";Accessori per automazioni
200;Sistema 433-868MHz FDS;"787017; 787018; 787023; 787024; 787021; 787022; 787025";Accessori per automazioni
200;Sistema 433-868MHz FDS;"787017; 787018; 787023; 787024; 787021; 787022; 787025";Accessori per automazioni
200;Sistema 433-868MHz FDS;"787017; 787018; 787023; 787024; 787021; 787022; 787025";Accessori per automazioni
202;Sistema 433-868MHz FDS BD;"787019; 787020; 787023; 787024; 787021; 787022; 787025";Accessori per automazioni
202;Sistema 433-868MHz FDS BD;"787019; 787020; 787023; 787024; 787021; 787022; 787025";Accessori per automazioni
202;Sistema 433-868MHz FDS BD;"787019; 787020; 787023; 787024; 787021; 787022; 787025";Accessori per automazioni
202;Sistema 433-868MHz FDS BD;"787019; 787020; 787023; 787024; 787021; 787022; 787025";Accessori per automazioni
202;Sistema 433-868MHz FDS BD;"787019; 787020; 787023; 787024; 787021; 787022; 787025";Accessori per automazioni
202;Sistema 433-868MHz FDS BD;"787019; 787020; 787023; 787024; 787021; 787022; 787025";Accessori per automazioni
202;Sistema 433-868MHz FDS BD;"787019; 787020; 787023; 787024; 787021; 787022; 787025";Accessori per automazioni
204;XTO - Sistema 868MHz SLH-DS;"787030; 787031; 787854; 787855; 787832; 787023; 787024; 787834; 785534";Accessori per automazioni
204;XTO - Sistema 868MHz SLH-DS;"787030; 787031; 787854; 787855; 787832; 787023; 787024; 787834; 785534";Accessori per automazioni
204;XTO - Sistema 868MHz SLH-DS;"787030; 787031; 787854; 787855; 787832; 787023; 787024; 787834; 785534";Accessori per automazioni
204;XTO - Sistema 868MHz SLH-DS;"787030; 787031; 787854; 787855; 787832; 787023; 787024; 787834; 785534";Accessori per automazioni
204;XTO - Sistema 868MHz SLH-DS;"787030; 787031; 787854; 787855; 787832; 787023; 787024; 787834; 785534";Accessori per automazioni
204;XTO - Sistema 868MHz SLH-DS;"787030; 787031; 787854; 787855; 787832; 787023; 787024; 787834; 785534";Accessori per automazioni
204;XTO - Sistema 868MHz SLH-DS;"787030; 787031; 787854; 787855; 787832; 787023; 787024; 787834; 785534";Accessori per automazioni
204;XTO - Sistema 868MHz SLH-DS;"787030; 787031; 787854; 787855; 787832; 787023; 787024; 787834; 785534";Accessori per automazioni
204;XTO - Sistema 868MHz SLH-DS;"787030; 787031; 787854; 787855; 787832; 787023; 787024; 787834; 785534";Accessori per automazioni
206;XTO - Sistema 433 MHz SLH-SL-DS-RC;"787856; 787857; 787032; 787033; 787023; 787024; 787833; 785534; 787852; 787853; 787831";Accessori per automazioni
206;XTO - Sistema 433 MHz SLH-SL-DS-RC;"787856; 787857; 787032; 787033; 787023; 787024; 787833; 785534; 787852; 787853; 787831";Accessori per automazioni
206;XTO - Sistema 433 MHz SLH-SL-DS-RC;"787856; 787857; 787032; 787033; 787023; 787024; 787833; 785534; 787852; 787853; 787831";Accessori per automazioni
206;XTO - Sistema 433 MHz SLH-SL-DS-RC;"787856; 787857; 787032; 787033; 787023; 787024; 787833; 785534; 787852; 787853; 787831";Accessori per automazioni
206;XTO - Sistema 433 MHz SLH-SL-DS-RC;"787856; 787857; 787032; 787033; 787023; 787024; 787833; 785534; 787852; 787853; 787831";Accessori per automazioni
206;XTO - Sistema 433 MHz SLH-SL-DS-RC;"787856; 787857; 787032; 787033; 787023; 787024; 787833; 785534; 787852; 787853; 787831";Accessori per automazioni
206;XTO - Sistema 433 MHz SLH-SL-DS-RC;"787856; 787857; 787032; 787033; 787023; 787024; 787833; 785534; 787852; 787853; 787831";Accessori per automazioni
206;XTO - Sistema 433 MHz SLH-SL-DS-RC;"787856; 787857; 787032; 787033; 787023; 787024; 787833; 785534; 787852; 787853; 787831";Accessori per automazioni
206;XTO - Sistema 433 MHz SLH-SL-DS-RC;"787856; 787857; 787032; 787033; 787023; 787024; 787833; 785534; 787852; 787853; 787831";Accessori per automazioni
206;XTO - Sistema 433 MHz SLH-SL-DS-RC;"787856; 787857; 787032; 787033; 787023; 787024; 787833; 785534; 787852; 787853; 787831";Accessori per automazioni
206;XTO - Sistema 433 MHz SLH-SL-DS-RC;"787856; 787857; 787032; 787033; 787023; 787024; 787833; 785534; 787852; 787853; 787831";Accessori per automazioni
208;Sistema 868MHz SLH LR;"787009; 7870091; 787010; 7870101; 787854; 787855; 787832; 787023; 787024; 787834; 785534";Accessori per automazioni
208;Sistema 868MHz SLH LR;"787009; 7870091; 787010; 7870101; 787854; 787855; 787832; 787023; 787024; 787834; 785534";Accessori per automazioni
208;Sistema 868MHz SLH LR;"787009; 7870091; 787010; 7870101; 787854; 787855; 787832; 787023; 787024; 787834; 785534";Accessori per automazioni
208;Sistema 868MHz SLH LR;"787009; 7870091; 787010; 7870101; 787854; 787855; 787832; 787023; 787024; 787834; 785534";Accessori per automazioni
208;Sistema 868MHz SLH LR;"787009; 7870091; 787010; 7870101; 787854; 787855; 787832; 787023; 787024; 787834; 785534";Accessori per automazioni
208;Sistema 868MHz SLH LR;"787009; 7870091; 787010; 7870101; 787854; 787855; 787832; 787023; 787024; 787834; 785534";Accessori per automazioni
208;Sistema 868MHz SLH LR;"787009; 7870091; 787010; 7870101; 787854; 787855; 787832; 787023; 787024; 787834; 785534";Accessori per automazioni
208;Sistema 868MHz SLH LR;"787009; 7870091; 787010; 7870101; 787854; 787855; 787832; 787023; 787024; 787834; 785534";Accessori per automazioni
208;Sistema 868MHz SLH LR;"787009; 7870091; 787010; 7870101; 787854; 787855; 787832; 787023; 787024; 787834; 785534";Accessori per automazioni
208;Sistema 868MHz SLH LR;"787009; 7870091; 787010; 7870101; 787854; 787855; 787832; 787023; 787024; 787834; 785534";Accessori per automazioni
208;Sistema 868MHz SLH LR;"787009; 7870091; 787010; 7870101; 787854; 787855; 787832; 787023; 787024; 787834; 785534";Accessori per automazioni
210;Sistema 433MHz SLH LR;"787007; 7870071; 787008; 7870081; 787852; 787853; 787831; 787023; 787024; 787833; 785534";Accessori per automazioni
210;Sistema 433MHz SLH LR;"787007; 7870071; 787008; 7870081; 787852; 787853; 787831; 787023; 787024; 787833; 785534";Accessori per automazioni
210;Sistema 433MHz SLH LR;"787007; 7870071; 787008; 7870081; 787852; 787853; 787831; 787023; 787024; 787833; 785534";Accessori per automazioni
210;Sistema 433MHz SLH LR;"787007; 7870071; 787008; 7870081; 787852; 787853; 787831; 787023; 787024; 787833; 785534";Accessori per automazioni
210;Sistema 433MHz SLH LR;"787007; 7870071; 787008; 7870081; 787852; 787853; 787831; 787023; 787024; 787833; 785534";Accessori per automazioni
210;Sistema 433MHz SLH LR;"787007; 7870071; 787008; 7870081; 787852; 787853; 787831; 787023; 787024; 787833; 785534";Accessori per automazioni
210;Sistema 433MHz SLH LR;"787007; 7870071; 787008; 7870081; 787852; 787853; 787831; 787023; 787024; 787833; 785534";Accessori per automazioni
210;Sistema 433MHz SLH LR;"787007; 7870071; 787008; 7870081; 787852; 787853; 787831; 787023; 787024; 787833; 785534";Accessori per automazioni
210;Sistema 433MHz SLH LR;"787007; 7870071; 787008; 7870081; 787852; 787853; 787831; 787023; 787024; 787833; 785534";Accessori per automazioni
210;Sistema 433MHz SLH LR;"787007; 7870071; 787008; 7870081; 787852; 787853; 787831; 787023; 787024; 787833; 785534";Accessori per automazioni
210;Sistema 433MHz SLH LR;"787007; 7870071; 787008; 7870081; 787852; 787853; 787831; 787023; 787024; 787833; 785534";Accessori per automazioni
212;Sistema SLHP LR;"787007; 7870071; 787008; 7870081; 787009; 7870091; 787010; 7870101; 787834; 787833; 404015; 103054; 103337; 785538; 785535";Accessori per automazioni
212;Sistema SLHP LR;"787007; 7870071; 787008; 7870081; 787009; 7870091; 787010; 7870101; 787834; 787833; 404015; 103054; 103337; 785538; 785535";Accessori per automazioni
212;Sistema SLHP LR;"787007; 7870071; 787008; 7870081; 787009; 7870091; 787010; 7870101; 787834; 787833; 404015; 103054; 103337; 785538; 785535";Accessori per automazioni
212;Sistema SLHP LR;"787007; 7870071; 787008; 7870081; 787009; 7870091; 787010; 7870101; 787834; 787833; 404015; 103054; 103337; 785538; 785535";Accessori per automazioni
212;Sistema SLHP LR;"787007; 7870071; 787008; 7870081; 787009; 7870091; 787010; 7870101; 787834; 787833; 404015; 103054; 103337; 785538; 785535";Accessori per automazioni
212;Sistema SLHP LR;"787007; 7870071; 787008; 7870081; 787009; 7870091; 787010; 7870101; 787834; 787833; 404015; 103054; 103337; 785538; 785535";Accessori per automazioni
212;Sistema SLHP LR;"787007; 7870071; 787008; 7870081; 787009; 7870091; 787010; 7870101; 787834; 787833; 404015; 103054; 103337; 785538; 785535";Accessori per automazioni
212;Sistema SLHP LR;"787007; 7870071; 787008; 7870081; 787009; 7870091; 787010; 7870101; 787834; 787833; 404015; 103054; 103337; 785538; 785535";Accessori per automazioni
212;Sistema SLHP LR;"787007; 7870071; 787008; 7870081; 787009; 7870091; 787010; 7870101; 787834; 787833; 404015; 103054; 103337; 785538; 785535";Accessori per automazioni
212;Sistema SLHP LR;"787007; 7870071; 787008; 7870081; 787009; 7870091; 787010; 7870101; 787834; 787833; 404015; 103054; 103337; 785538; 785535";Accessori per automazioni
212;Sistema SLHP LR;"787007; 7870071; 787008; 7870081; 787009; 7870091; 787010; 7870101; 787834; 787833; 404015; 103054; 103337; 785538; 785535";Accessori per automazioni
212;Sistema SLHP LR;"787007; 7870071; 787008; 7870081; 787009; 7870091; 787010; 7870101; 787834; 787833; 404015; 103054; 103337; 785538; 785535";Accessori per automazioni
212;Sistema SLHP LR;"787007; 7870071; 787008; 7870081; 787009; 7870091; 787010; 7870101; 787834; 787833; 404015; 103054; 103337; 785538; 785535";Accessori per automazioni
212;Sistema SLHP LR;"787007; 7870071; 787008; 7870081; 787009; 7870091; 787010; 7870101; 787834; 787833; 404015; 103054; 103337; 785538; 785535";Accessori per automazioni
212;Sistema SLHP LR;"787007; 7870071; 787008; 7870081; 787009; 7870091; 787010; 7870101; 787834; 787833; 404015; 103054; 103337; 785538; 785535";Accessori per automazioni
214;Sistema 433MHz RC;"787456; 787856; 787857; 787831; 787023; 787024";Accessori per automazioni
214;Sistema 433MHz RC;"787456; 787856; 787857; 787831; 787023; 787024";Accessori per automazioni
214;Sistema 433MHz RC;"787456; 787856; 787857; 787831; 787023; 787024";Accessori per automazioni
214;Sistema 433MHz RC;"787456; 787856; 787857; 787831; 787023; 787024";Accessori per automazioni
214;Sistema 433MHz RC;"787456; 787856; 787857; 787831; 787023; 787024";Accessori per automazioni
214;Sistema 433MHz RC;"787456; 787856; 787857; 787831; 787023; 787024";Accessori per automazioni
216;Datori d'impulso semplici;"401012; 401013; 401016; 401014; 401015; 401017; 391456; 401302; 401044; 401303; 401045; 401304; 401046; 401305; 401047";Accessori per automazioni
216;Datori d'impulso semplici;"401012; 401013; 401016; 401014; 401015; 401017; 391456; 401302; 401044; 401303; 401045; 401304; 401046; 401305; 401047";Accessori per automazioni
216;Datori d'impulso semplici;"401012; 401013; 401016; 401014; 401015; 401017; 391456; 401302; 401044; 401303; 401045; 401304; 401046; 401305; 401047";Accessori per automazioni
216;Datori d'impulso semplici;"401012; 401013; 401016; 401014; 401015; 401017; 391456; 401302; 401044; 401303; 401045; 401304; 401046; 401305; 401047";Accessori per automazioni
216;Datori d'impulso semplici;"401012; 401013; 401016; 401014; 401015; 401017; 391456; 401302; 401044; 401303; 401045; 401304; 401046; 401305; 401047";Accessori per automazioni
216;Datori d'impulso semplici;"401012; 401013; 401016; 401014; 401015; 401017; 391456; 401302; 401044; 401303; 401045; 401304; 401046; 401305; 401047";Accessori per automazioni
216;Datori d'impulso semplici;"401012; 401013; 401016; 401014; 401015; 401017; 391456; 401302; 401044; 401303; 401045; 401304; 401046; 401305; 401047";Accessori per automazioni
216;Datori d'impulso semplici;"401012; 401013; 401016; 401014; 401015; 401017; 391456; 401302; 401044; 401303; 401045; 401304; 401046; 401305; 401047";Accessori per automazioni
216;Datori d'impulso semplici;"401012; 401013; 401016; 401014; 401015; 401017; 391456; 401302; 401044; 401303; 401045; 401304; 401046; 401305; 401047";Accessori per automazioni
216;Datori d'impulso semplici;"401012; 401013; 401016; 401014; 401015; 401017; 391456; 401302; 401044; 401303; 401045; 401304; 401046; 401305; 401047";Accessori per automazioni
216;Datori d'impulso semplici;"401012; 401013; 401016; 401014; 401015; 401017; 391456; 401302; 401044; 401303; 401045; 401304; 401046; 401305; 401047";Accessori per automazioni
216;Datori d'impulso semplici;"401012; 401013; 401016; 401014; 401015; 401017; 391456; 401302; 401044; 401303; 401045; 401304; 401046; 401305; 401047";Accessori per automazioni
216;Datori d'impulso semplici;"401012; 401013; 401016; 401014; 401015; 401017; 391456; 401302; 401044; 401303; 401045; 401304; 401046; 401305; 401047";Accessori per automazioni
216;Datori d'impulso semplici;"401012; 401013; 401016; 401014; 401015; 401017; 391456; 401302; 401044; 401303; 401045; 401304; 401046; 401305; 401047";Accessori per automazioni
216;Datori d'impulso semplici;"401012; 401013; 401016; 401014; 401015; 401017; 391456; 401302; 401044; 401303; 401045; 401304; 401046; 401305; 401047";Accessori per automazioni
220;Datori d'impulso elettronici;"786041; 786040; 790904; 785529; 785527; 404039; 404037; 404038";Accessori per automazioni
220;Datori d'impulso elettronici;"786041; 786040; 790904; 785529; 785527; 404039; 404037; 404038";Accessori per automazioni
220;Datori d'impulso elettronici;"786041; 786040; 790904; 785529; 785527; 404039; 404037; 404038";Accessori per automazioni
220;Datori d'impulso elettronici;"786041; 786040; 790904; 785529; 785527; 404039; 404037; 404038";Accessori per automazioni
220;Datori d'impulso elettronici;"786041; 786040; 790904; 785529; 785527; 404039; 404037; 404038";Accessori per automazioni
220;Datori d'impulso elettronici;"786041; 786040; 790904; 785529; 785527; 404039; 404037; 404038";Accessori per automazioni
220;Datori d'impulso elettronici;"786041; 786040; 790904; 785529; 785527; 404039; 404037; 404038";Accessori per automazioni
220;Datori d'impulso elettronici;"786041; 786040; 790904; 785529; 785527; 404039; 404037; 404038";Accessori per automazioni
223;Alimentatore supplementare;"786041; 786040; 790904; 785529; 785527";Accessori per automazioni
223;Alimentatore supplementare;"786041; 786040; 790904; 785529; 785527";Accessori per automazioni
223;Alimentatore supplementare;"786041; 786040; 790904; 785529; 785527";Accessori per automazioni
223;Alimentatore supplementare;"786041; 786040; 790904; 785529; 785527";Accessori per automazioni
223;Alimentatore supplementare;"786041; 786040; 790904; 785529; 785527";Accessori per automazioni
224;Fotocellule da parete orientabili;"785103; 785102; 785104";Accessori per automazioni
224;Fotocellule da parete orientabili;"785103; 785102; 785104";Accessori per automazioni
224;Fotocellule da parete orientabili;"785103; 785102; 785104";Accessori per automazioni
226;Fotocellule da parete o incasso;"105536; 105538; 105531; 105547; 785106; 7851061; 785105; 7851051";Accessori per automazioni
226;Fotocellule da parete o incasso;"105536; 105538; 105531; 105547; 785106; 7851061; 785105; 7851051";Accessori per automazioni
226;Fotocellule da parete o incasso;"105536; 105538; 105531; 105547; 785106; 7851061; 785105; 7851051";Accessori per automazioni
226;Fotocellule da parete o incasso;"105536; 105538; 105531; 105547; 785106; 7851061; 785105; 7851051";Accessori per automazioni
226;Fotocellule da parete o incasso;"105536; 105538; 105531; 105547; 785106; 7851061; 785105; 7851051";Accessori per automazioni
226;Fotocellule da parete o incasso;"105536; 105538; 105531; 105547; 785106; 7851061; 785105; 7851051";Accessori per automazioni
226;Fotocellule da parete o incasso;"105536; 105538; 105531; 105547; 785106; 7851061; 785105; 7851051";Accessori per automazioni
226;Fotocellule da parete o incasso;"105536; 105538; 105531; 105547; 785106; 7851061; 785105; 7851051";Accessori per automazioni
227;XS Costa di sicurezza;"785200; 105536; 105538; 105531; 105547; 785106; 7851061; 785105; 7851051";Accessori per automazioni
227;XS Costa di sicurezza;"785200; 105536; 105538; 105531; 105547; 785106; 7851061; 785105; 7851051";Accessori per automazioni
227;XS Costa di sicurezza;"785200; 105536; 105538; 105531; 105547; 785106; 7851061; 785105; 7851051";Accessori per automazioni
227;XS Costa di sicurezza;"785200; 105536; 105538; 105531; 105547; 785106; 7851061; 785105; 7851051";Accessori per automazioni
227;XS Costa di sicurezza;"785200; 105536; 105538; 105531; 105547; 785106; 7851061; 785105; 7851051";Accessori per automazioni
227;XS Costa di sicurezza;"785200; 105536; 105538; 105531; 105547; 785106; 7851061; 785105; 7851051";Accessori per automazioni
227;XS Costa di sicurezza;"785200; 105536; 105538; 105531; 105547; 785106; 7851061; 785105; 7851051";Accessori per automazioni
227;XS Costa di sicurezza;"785200; 105536; 105538; 105531; 105547; 785106; 7851061; 785105; 7851051";Accessori per automazioni
227;XS Costa di sicurezza;"785200; 105536; 105538; 105531; 105547; 785106; 7851061; 785105; 7851051";Accessori per automazioni
234;Sensori Laser;"736425; 736426; 736427; 736428; 736429";Accessori per automazioni
234;Sensori Laser;"736425; 736426; 736427; 736428; 736429";Accessori per automazioni
234;Sensori Laser;"736425; 736426; 736427; 736428; 736429";Accessori per automazioni
234;Sensori Laser;"736425; 736426; 736427; 736428; 736429";Accessori per automazioni
234;Sensori Laser;"736425; 736426; 736427; 736428; 736429";Accessori per automazioni
235;M60 Costa elettromeccanica;"736425; 736426; 736427; 736428; 736429";Accessori per automazioni
235;M60 Costa elettromeccanica;"736425; 736426; 736427; 736428; 736429";Accessori per automazioni
235;M60 Costa elettromeccanica;"736425; 736426; 736427; 736428; 736429";Accessori per automazioni
235;M60 Costa elettromeccanica;"736425; 736426; 736427; 736428; 736429";Accessori per automazioni
235;M60 Costa elettromeccanica;"736425; 736426; 736427; 736428; 736429";Accessori per automazioni
238;Accessori e materiali di consumo;"714017; 714041; 401026; 712650; 712990; dal 712651001; dal 712652001";Accessori per automazioni
238;Accessori e materiali di consumo;"714017; 714041; 401026; 712650; 712990; dal 712651001; dal 712652001";Accessori per automazioni
238;Accessori e materiali di consumo;"714017; 714041; 401026; 712650; 712990; dal 712651001; dal 712652001";Accessori per automazioni
238;Accessori e materiali di consumo;"714017; 714041; 401026; 712650; 712990; dal 712651001; dal 712652001";Accessori per automazioni
238;Accessori e materiali di consumo;"714017; 714041; 401026; 712650; 712990; dal 712651001; dal 712652001";Accessori per automazioni
238;Accessori e materiali di consumo;"714017; 714041; 401026; 712650; 712990; dal 712651001; dal 712652001";Accessori per automazioni
238;Accessori e materiali di consumo;"714017; 714041; 401026; 712650; 712990; dal 712651001; dal 712652001";Accessori per automazioni
240;RL200;"109950; 109951";Automazioni per serrande avvolgibili
240;RL200;"109950; 109951";Automazioni per serrande avvolgibili
242;RH200B;"109960; 109961";Automazioni per serrande avvolgibili
242;RH200B;"109960; 109961";Automazioni per serrande avvolgibili
244;RH240;109971;Automazioni per serrande avvolgibili
