categoria_prodotto,nome_prodotto,nome_asta,pagina_catalogo,tipo_layout,immagine_principale,720118,titolo_prodotto,descrizione_prodotto,intensita_transito,caratteristica_primaria,valore_primario,caratteristica_secondaria,valore_secondario,caratteristica_terziaria,valore_terziario,novita,veloce,solare,brevetto_faac,badge_sistemi,codice_qr,certificazioni,descrizione_categoria,contenuto_confezione,schema_installazione,immagne_schema,componenti_kit,immagine_kit,sku_correlati,prodotti_correlati,Unnamed: 29,note_prodotto,quote_installazione,grafico_tecnico,tabella_molle,accessori_disponibili,immagine_schema,prototipo
Categoria,Prodotto,,Page,Layout,Prodotto Immagine,Modelli,Titolo,Descrizione,Transito (Basso;Medio;Alto),Prodotto Caratteristica Label 1,Prodotto Caratteristica Value 1,Prodotto Caratteristica Label 2,Prodotto Caratteristica Value 2,Caratteristica Terziaria,Valore Terziario,New,Fast,Solar,FAAC Patent,Icone,QRCode,Certificazioni,Categoria Descrizione Intestazione Prodotto,Confezioni,Schema Installazione,,Kit,Kit Immagine,SKU Correlate,Prodotti Correlati,Sku_binari_cinghia,Note,Quote,Grafico,Tabella Numero Molle,Altri Accessori,Immagine Schema,prototipo
PERFECT KIT,LEADER kit,,28,Kit special,Leader Kit_PERFECT KIT_3-2019 unico liv.png,120013;404040,Automazione oleodinamica 230V,,,Larghezza max singola anta,"1,8 m",,,,,,,,,Safe|<b>SAFEzone composto da:</b><br>LEADER kit 230V + 2SAFEcoder (da acquistare separatamente),,CE;Omnidec;2Easy;FDS;Simply,Automazioni in kit per ante a battente esterno,,,,2|104468;1|790077;1|720119;1|410029;1|785103;1|787025;1|787017;1|CARTFA,LEADER kit_PERFECT_120013 .tif,,,,,,,,,,
PERFECT KIT,MASTER kit 230V,,29,Kit special,Master Kit_PERFECT KIT_3-2019 unico liv.png,120015;404040,Automazione elettromeccanica 230V,,,Larghezza max singola anta,"2,5 m (3 m con elettroserratura)",,,,,,,,,Safe|<b>SAFEzone composto da:</b><br>MASTER kit 230V + 2SAFEcoder (da acquistare separatamente),,CE;Omnidec;2Easy;FDS;Simply,Automazioni in kit per ante a battente esterno,,,,2|104415;1|790077;1|720119;1|410029;1|785103;1|787025;1|787017;1|CARTFA,MASTER kit 230V_PERFECT_120015 .tif,,,,,,,,,,
PERFECT KIT,MASTER kit 24V,,30,Kit special,Master Kit_PERFECT KIT_3-2019 unico liv.png,120016,Automazione elettromeccanica 24V,,,Larghezza max singola anta,"2,5 m (3 m con elettroserratura)",,,,,,,,,Safe,,CE;Omnidec;2Easy;FDS;Simply,Automazioni in kit per ante a battente esterno,,,,2|1044151;1|102011;1|410029;1|785103;1|787025;1|787017;1|CARTFA,MASTER kit 24V_PERFECT_120016.tif,,,,,,,,,,
PERFECT KIT,HANDY kit,,31,Kit special,Handy Kit_11-2018 ok unico liv.png,120019,Automazione elettromeccanica 24V,,,Larghezza max singola anta,"2,3 m (2,7 m con elettroserratura)",,,,,,,,,Safe,,CE;Omnidec;2Easy;FDS;Simply,Automazioni in kit per ante a battente esterno,,,,2|104301;1|102011;1|410029;1|787025;1|787017;1|785103;1|CARTFA,HANDY kit_PERFECT_120019.tif,,,,,,,,,,
PERFECT KIT,ECO kit,,32,Kit special,Eco Kit_PERFECT KIT_3-2019 unico liv.png,120014;404041,Automazione elettromeccanica 230V,,,Larghezza max singola anta,"1,8 m",,,,,,,,,Safe|<b>SAFEzone composto da:</b><br>ECO kit 230V + 2SAFEcoder (da acquistare separatamente),,CE;Omnidec;2Easy;FDS;Simply,Automazioni in kit per ante a battente esterno,,,,1|104470;1|104471;1|790077;1|720119;1|410029;1|787025;1|787017;1|785103;1|CARTFA,ECO kit_PERFECT_120014 .tif,,,,,,,,,,
PERFECT KIT,HIGH kit,,33,Kit special,73384 HIGH KIT 01-2021 render cmyk.png,120020,Attuatore 24V integrato,,,Larghezza max singola anta,"2 m (2,5 m con elettroserratura)",,,,,,,,,Safe;Green,,CE;Omnidec;2Easy;FDS;Simply,Automazioni in kit per ante a battente con motore integrato,,,,2|104250;1|102011;1|787025;1|787017;1|785103,HIGH kit_PERFECT_120020 .tif,416250;416251;490250,,,,,,,,,
PERFECT KIT,POWER kit 230V,,34,Kit special,Power Kit_PERFECT KIT_3-2019 unico liv.png,120017;404035;490065,Automazione elettromeccanica 230V interrata,,,Larghezza max singola anta,"2 m (3,5 m con elettroserratura)",Peso max,500 Kg,,,,,,,Safe|<b>SAFEzone composto da:</b><br>POWER kit 230V + 2SAFEcoder (da acquistare separatamente),,CE;Omnidec;2Easy;FDS;Simply,Automazioni in kit per battente a motore interrato,,,,2|10675201;1|790077;1|720119;1|410029;1|787025;1|787017;1|785103;1|CARTFA,POWER kit 230V_PERFECT_120017 .TIF,,,,,,,,,,
PERFECT KIT,POWER kit 24V,,35,Kit special,Power Kit_PERFECT KIT_3-2019 unico liv.png,120018;490065,Automazione elettromeccanica 24V interrata,,,Larghezza max singola anta,"2 m (3,5 m con elettroserratura)",Peso max,500 Kg,,,,,,,Safe,,CE;Omnidec;2Easy;FDS;Simply,Automazioni in kit per battente a motore interrato,,,,2|10675301;1|102011;1|410029;1|787025;1|787017;1|785103;1|CARTFA,POWER kit 24V_PERFECT_120018 .TIF,,,,,,,,,,
PERFECT KIT,PRATICO C kit,,36,Kit special,Pratico Kit_PERFECT KIT_3-2019 unico liv.png,120011,Automazione a bagno d'olio 230V,,,Peso max anta,600 Kg,Velocità max,"9,6 m/min.",,,,,,,Safe,,CE;FDS;Simply,Automazioni in kit per ante scorrevoli,,,,1|109745;1|737816;1|410029;1|787025;1|787017;1|785103;1|CARTFA,PRATICO C kit_PERFECT_120011 .tif,,,,,,,,,,
PERFECT KIT,DELTA 2 kit,,37,Kit special,Delta 2 PERFECT Kit_2-2019 unico liv.png,120009,Automazione elettromeccanica 230V,,,Peso max anta,500 Kg,Velocità max,12 m/min.,,,,,,,Safe,,CE;FDS;Simply,Automazioni in kit per ante scorrevoli,,,,1|109600;1|410029;2|785102;1|787025;1|787017;1|CARTFA,DELTA2 kit_PERFECT_120009 .TIF,,,,,,,,,,
PERFECT KIT,DELTA 3 kit,,38,Kit special,Delta 3 PERFECT Kit_3-2019 unico liv.png,120010,Automazione elettromeccanica 230V,,,Peso max anta,900 Kg,Velocità max,12 m/min.,,,,,,,Safe;Green,,CE;Omnidec;2Easy;FDS;Simply,Automazioni in kit per ante scorrevoli,,,,1|109602;1|410029;1|787025;1|787017;1|785102;1|CARTFA,DELTA3 kit_PERFECT_120010 .TIF,,,,,,,,,,
PERFECT KIT,RAPID kit,,39,Kit special,RAPID (Cyclo) PERFECT Kit_2-2019 unico liv.png,120012,Automazione elettromeccanica 24V,,,Peso max anta,400 Kg,Velocità max,18 m/min.,,,,,,,Safe;Green,,CE;Omnidec;2Easy;FDS;Simply,Automazioni in kit per ante scorrevoli,,,,1|109320;1|410029;1|787025;1|787017;1|785103;1|CARTFA,RAPID kit_PERFECT_120012 .TIF,,,,,,,,,,
CLASSIC KIT,SAFE&GREEN Retrofit kit,,42,Kit special,390113_SAFEZONE_RETROFIT_KIT_E145.tif,390113,Kit per l'aggiornamento di impianti esistenti 230V,,,,,,,,,,,,,Safe;Green,,CE;Omnidec;2Easy;Hybrid;Simply,Automazioni in kit per ante a battente esterno,,,,1|790076;2|404040,390106_390113.tif,,,,,,,,,,
CLASSIC KIT,HYBRID kit,,43,Kit special,105683_IT.tif,105683,Automazione oleodinamica 24V,,,Larghezza max singola anta,2 m,,,,,,,,,Safe,,CE;Omnidec;2Easy;Hybrid,Automazioni in kit per ante a battente esterno,,,,2|104100;1|790284;1|787831;1|410029;1|785103;1|401304;1|71275101;1|787007;1|CARTFA,105683components.tif,,,,,,,,,,
CLASSIC KIT,LEADER kit,,44,Kit special,105633445_IT.tif,105633445;404040,Automazione oleodinamica 230V,,,Larghezza max singola anta,"1,8 m",,,,,,,,,Safe|<b>SAFEzone composto da:</b><br>Leader kit 230V + 2SAFEcoder (da acquistare separatamente),,CE;Omnidec;2Easy;Simply,Automazioni in kit per ante a battente esterno,,,,2|104468;1|790077;1|720119;1|410029;1|785103;1|401304;1|71275101;1|787831;1|787007;1|CARTFA,105633445components.tif,,,,,,,,,,
CLASSIC KIT,TRENDY kit 230V,,45,Kit special,104419445_IT.tif,104419445;404040,Automazione elettromeccanica 230V,,,Larghezza max singola anta,"1,8 m (2,5 m con elettroserratura)",,,,,,,,,Safe|<b>SAFEzone composto da:</b><br>Trendy kit 230V + 2SAFEcoder (da acquistare separatamente),,CE;Omnidec;2Easy;Simply,Automazioni in kit per ante a battente esterno,,,,2|104413;1|790077;1|720119;1|410029;1|785103;1|401304;1|71275101;1|787831;1|787007;1|CARTFA,104419445components.tif,,,,,,,,,,
CLASSIC KIT,MASTER kit 230V,,46,Kit special,104415445_IT.tif,104415445;404040,Automazione elettromeccanica 230V,,,Larghezza max singola anta,"2,5 m (3 m con elettroserratura)",,,,,,,,,Safe|<b>SAFEzone composto da:</b><br>MASTER kit 230V + 2SAFEcoder (da acquistare separatamente),,CE;Omnidec;2Easy;Simply,Automazioni in kit per ante a battente esterno,,,,2|104415;1|790077;1|720119;1|787831;1|787007;1|410029;1|785103;1|401304;1|71275101;1|CARTFA,104415445components.tif,,,,,,,,,,
CLASSIC KIT,MASTER kit 24V,,47,Kit special,104415144_IT.tif,104415144,Automazione elettromeccanica 24V,,,Larghezza max singola anta,"2,5 m (3 m con elettroserratura)",,,,,,,,,Safe,,CE;Omnidec;2Easy,Automazioni in kit per ante a battente esterno,,,,2|1044151;1|102011;1|787831;1|787007;1|410029;1|785103;1|401304;1|71275101;1|CARTFA,104415144components.tif,,,,,,,,,,
CLASSIC KIT,HANDY kit,,48,Kit special,105998_IT.tif,105998,Automazione elettromeccanica 24V,,,Larghezza max singola anta,"2,3 m / 2,7 m con elettroserratura",,,,,,,,,Safe,,CE;Omnidec;2Easy,Automazioni in kit per ante a battente esterno,,,,2|104301;1|102011;1|787831;1|410029;1|785103;1|401304;1|71275101;1|787007;1|CARTFA,105998components.tif,,,,,,,,,,
CLASSIC KIT,ECO kit,,49,Kit special,105632445_IT.tif,105632445;404041,Automazione elettromeccanica 230V,,,Larghezza max singola anta,"1,8 m",,,,,,,,,Safe|<b>SAFEzone composto da:</b><br>ECO kit 230V + 2SAFEcoder (da acquistare separatamente),,CE;Omnidec;2Easy;Simply,Automazioni in kit per ante a battente esterno,,,,1|104470;1|104471;1|790077;1|720119;1|410029;1|785103;1|401304;1|71275101;1|787831;1|787007;1|CARTFA,105632445components.tif,,,,,,,,,,
CLASSIC KIT,ENERGY kit,,50,Kit special,104575_IT.tif,104575,Automazione elettromeccanica 24V a braccio articolato,,,Larghezza max singola anta,"2 m (2,5 m con elettroserratura)",,,,,,,,,Safe,,CE;Omnidec;2Easy,Automazioni in kit per ante a battente esterno,,,,1|104583;1|104584;1|410029;1|785103;1|401304;1|71275101;1|787831;1|787007;1|CARTFA,104575components.tif,,,,,,,,,,
CLASSIC KIT,HIGH KIT,,51,Kit special,73384_HIGH_KIT.tif,104250445;416250;416251;490250,Attuatore 24V integrato per cancelli a battente,,,Larghezza max singola anta,"2 m (2,5 m con elettroserratura)",,,,,,,,1,,,CE,Automazioni in kit per ante a battente con motore integrato,,,,2|104250;1|102011;1|787831;1|787007;1|785103;1|401304;1|71275101,HIGH KIT 104250445 .tif,,,,,,,,,,
CLASSIC KIT,POWER kit 230V,,52,Kit special,106746445_IT.tif,106746445;404035;490065,Automazione elettromeccanica 230V interrata,,,Larghezza max singola anta,"2 m (3,5 m con elettroserratura)",Peso max,500 Kg,,,,,,,Safe|<b>SAFEzone composto da:</b><br>POWER kit 230V + 2SAFEcoder (da acquistare separatamente),,CE;Omnidec;2Easy;Simply,Automazioni in kit per battente a motore interrato,,,,2|10675201;1|790077;1|720119;1|787831;1|787007;1|410029;1|785103;1|401304;1|71275101;1|CARTFA,106746445components.tif,,,,,,,,,,
CLASSIC KIT,POWER kit 24V,,53,Kit special,106746445_IT.tif,106747445;490065,Automazione elettromeccanica 24V interrata,,,Larghezza max singola anta,"2 m (3,5 m con elettroserratura)",Peso max,500 Kg,,,,,,,Safe,,CE;Omnidec;2Easy,Automazioni in kit per battente a motore interrato,,,,2|10675301;1|102011;1|787831;1|787007;1|410029;1|785103;1|401304;1|71275101;1|CARTFA,106747445components.tif,,,,,,,,,,
CLASSIC KIT,PRATICO C kit,,54,Kit special,10564944_IT.tif,105940,Automazione 230V a bagno d'olio,,,Peso max anta,600 Kg,Velocità max,"9,6 m/min.",,,,,,,Safe,,CE,Automazioni in kit per ante scorrevoli,,,,1|109745;1|737816;1|410029;1|785103;1|401304;1|71275101;1|787831;1|787007;1|CARTFA,PRATICO_C_kit_105940.tif,,,,,,,,,,
CLASSIC KIT,DELTA 2 kit,,55,Kit special,1056303445_IT.tif,1056303445,Automazione elettromeccanica 230V,,,Peso max anta,500 Kg,Velocità max,12 m/min.,,,,,,,Safe,,CE,Automazioni in kit per ante scorrevoli,,,,1|1097805;1|410029;1|785102;1|401302;1|71275101;1|787852;1|787007;1|CARTFA,1056303445components.tif,,,,,,,,,,
CLASSIC KIT,DELTA 3 kit,,56,Kit special,105630445_IT.tif,105630445,Automazione elettromeccanica 230V,,,Peso max anta,900 Kg,Velocità max,12 m/min.,,,,,,,Safe,,CE,Automazioni in kit per ante scorrevoli,,,,1|1097815;1|410029;1|785102;1|401302;1|71275101;1|787852;1|787007;1|CARTFA,105630445components.tif,,,,,,,,,,
CLASSIC KIT,RAPID kit,,57,Kit special,1059995_IT.tif,1059995;105083,Automazione elettromeccanica 24V,,,Peso max anta,400 kg,Velocità max,18 m/min.,,,,,,,Safe;Green,,CE;Omnidec;2Easy,Automazioni in kit per ante scorrevoli,,,,1|109320;1|787831;1|787007;1|410029;1|785103;1|401304;1|71275101;1|CARTFA,1059995components.tif,,,,,,,,,,
CLASSIC KIT,SOLID kit,,58,Kit special,10561644_IT.tif,10561644,Automazione elettromeccanica 230V,,,Larghezza max porta,3 m,Peso max porta,10 Kg/mq,,,,,,,Safe,,CE,Automazioni in kit per porte basculanti,,,,1|110549;1!10561644i;1|424550001-50;1|787852;1|787007;1|CARTFA,10561644components.tif,,,,Attenzione: bracci telescopici e tubi di trasmissione non compresi nella confezione.,,,,,,
CLASSIC KIT,DOLPHIN kit,,59,Kit special,10566544_IT.tif,10566544,Automazione elettromeccanica 24V a traino,,,Forza max tiro/spinta,600N,,,,,,,,,Safe,,CE;Omnidec,Automazioni in kit per porte basculanti,,,,1|110600;1|787831;1|787007;1|CARTFA,10566544components.tif,,,,,,,,,,
CLASSIC KIT,Rotor Kit,,60,Kit special,109940_Rotor_Kit.tif,109940,Motoriduttore 230V per serrande avvolgibili,,,Capacità di sollevamento,Fino a 180 kg,,,,,,,,,Safe;Green,,CE,Automazioni in kit per serrande,,,,1|109951;1|391456;1|790905;1|720119;1|787852;1|787008;1|785102,109940components.tif,,,,,,,,,,
CLASSIC KIT,TM2K KIT MINI,,62-63,Automazione,143201.tif,143201;143202;143203,TM2K KIT MINI,Automazione per tapparelle manuali o già motorizzate,,Coppia max,25 - 50 Nm,Velocità max,12 - 17 rpm,Capacità di sollevamento,Fino a 90 Kg,,,,,,,CE,,1 Motore Tubolare TM245 (corredato di istruzioni e chiave di regolazione);1 Adattatore per tubo ottagonale Ø60mm;1 Supporto motore;3 Attacchi flessibili in acciaio per attaccare la tapparella al rullo avvolgitore,,,1|143201i;1|143201i2;1|143201i3;3|143201i4,143201_components.tif,145405;145412;145504;145505;145421;145422;145423;145424;145630,,,"Il motore tubolare nexTMODE è compatibile sia con tutti i supporti FAAC sia con i principali supporti in commercio. Per il comando radio dei motori tramite ricevente esterna TM2 X Compact o TM2 X Mini, aggiungere sempre una trasmittente nexTMODE 433 MHz",,,,,,
Automazioni per ante a battente esterno,S418,,72-73,Automazione,,104301,Attuatore elettromeccanico 24V,"Elevata velocità di movimentazione regolabile. 
• Staffa di fissaggio “multi posizione” non a saldare. 
• Arresti meccanici in apertura e chiusura integrati (possibilità di non installare battute meccaniche).",Basso,Larghezza max anta,"2,3 m (2,7 m con elettroserratura)",Peso,6 Kg,,,,1,1,,Safe|<b>Sistema 24V SAFEzone:</b><br>S418 + E024S o E124S; green|<b>Sistema 24V GREENtech:</b></br>S418 + E124S,,CE;Simply,"""Automazioni per ante a battente esterno""","S418 comprende: un attuatore elettromeccanico, accessori per l’installazione, una chiave di sblocco.",,,,,102011 ; 790286; 790305;390130;390923;390926;790062,,,Non è compatibile con la scheda E124S. t Le 2 batterie Pb standard non sono fornite da FAAC e devono avere tensione/corrente 12V/4Ah. Dimensioni: 90X70X108 mm,,,,,,
Automazioni per ante a battente esterno,412,,74-75,Automazione,104471.tif,104470;104471,Attuatore elettromeccanico 230V,"• Attuatore irreversibile, non necessita elettroserratura.
 • Installazione e manutenzione semplificata.
 • Dispositivo di sblocco accessibile sul lato posteriore dell'attuatore.",Medio,Larghezza max anta,"1,8 m",Peso,"6,5 kg",,,,,,,"Safe|<b> Sistema 230V SAFEzone:</b><br> 412 + E045S o E145S
+ SAFEcoder;Green|<b>Sistema 230V GREENtech:</b></br>412 + E045S o
E145S",,CE;Simply,"""Automazioni per ante a battente esterno""","412 dx o sx comprende: un attuatore elettromeccanico (DX o SX),
 accessori per l’installazione, una chiave di sblocco, un condensatore di
 spunto 8μF 400V.",,,,,790076;790077;720118;720119;720309;737604;713009;404041;790062,,,La versione per ante destra (DX e SX) si determina con vista dall'interno della proprietà.,,,,,,
Automazioni per ante a battente esterno,413 230V,,76-77,Automazione,104413.tif,104413,Attuatore elettromeccanico 230V,"• Attuatore a spinta “Fuori asse”.
 • Arresti meccanici in apertura / chiusura in dotazione di serie.
 • Uscita cavi orizzontale per permettere l’installazione vicina al suolo (installazione bassa).",Medio,Larghezza max anta,"1,8 m (2,5 con elettroserratura)",Velocità max stelo,16 mm/s (*),,,,,,,"Safe|<b>Sistema 230V SAFEzone::</b><br>413 230V + E045S o
E145S + SAFEcoder;Green|<b>Sistema 230V GREENtech:</b></br>413 230V + E045S
o E145S",,CE;Simply,"""Automazioni per ante a battente esterno""","413 230V comprende: un attuatore elettromeccanico, accessori per
 l’installazione, una chiave di sblocco, un condensatore di spunto 6,3μF
 400V.
 La versione LS include i finecorsa elettrici.",,,,,790076; 790077;720118;720119;720309;737604;404040;790062;490349,,,,,,,,,
Automazioni per ante a battente esterno,415 230V,,78-79,Automazione,104417.tif,104415;104417,Attuatore elettromeccanico 230V,"• Attuatore a spinta “in asse”.
 • Disponibili in versioni con corsa stelo 300 mm (max anta 3 m) e 400 mm (max anta 4 m).
 • Uscita cavi orizzontale per permettere l’installazione vicina al suolo (installazione bassa).",Medio,Larghezza max anta,"2,5 m (3 m con elettroserratura) 3 m (4 m con elettroserratura)",Velocità max stelo,16 mm/s (*),,,,,,,"Safe|<b>Sistema 230V
SAFEzone:</b><br>413 230V + E045S o
E145S + SAFEcoder;Green|<b>Sistema 230V GREENtech:</b></br>415 230V + E045S
o E145S",,CE;Simply,"""Automazioni per ante a battente esterno""","415 230V comprende: un attuatore elettromeccanico, accessori per
 l’installazione, una chiave di sblocco, un condensatore di spunto 8μF 400V.",,,,,790076; 790077; 720118;720119;720309;737604;404040;790062;727525;490349,,,,,,,,,
Automazioni per ante a battente esterno,415 24V,,80-81,Automazione,1044151.tif,1044151;1044171,Attuatore elettromeccanico 24V,"• Attuatore a spinta “in asse”. 
• Disponibili in versioni con corsa stelo 300 mm (max anta 3 m) e 400 mm (max anta 4 m). 
• Uscita cavi orizzontale per permettere l’installazione vicina al suolo (installazione bassa).












",Medio,Larghezza max anta,"2,5 m (3 con elettroserratura) 3 m (4 con elettroserratura)",Velocità max stelo,16 mm/s,,,,1,1,,Safe|<b>Sistema 24V SAFEzone:</b><br>415 24V + E024S o E124S;Green|<b>Sistema 230V GREENtech:</b></br>415 24V + E124S,,CE;Simply,"""Automazioni per ante a battente esterno""","415 24V comprende: un attuatore elettromeccanico, accessori per
l’installazione e una chiave di sblocco.",,,,,102011;790286;790305;390130;390923;390926;737604;790062;727525;490349 ,,,Non è compatibile con la scheda E124S. t Le 2 batterie Pb standard non sono fornite da FAAC e devono avere tensione/corrente 12V/4Ah. Dimensioni: 90X70X108 mm,,,,,,
Automazioni per ante a battente esterno,390 230V,,82-83,Automazione,104570.tif,104570,Attuatore elettromeccanico a braccio articolato 230V,"• Attuatore irreversibile, non richiede elettroserratura fino a 1,8 m.
 • Adatto per l'utilizzo su pilastri di grosse dimensioni, grazie al braccio articolato.
 • Dispositivo di sblocco manuale azionabile dall'interno proprietà o dall'esterno.",Medio,Larghezza max anta,"1,8 m (3 m con elettroserratura)",,,,,,,,,"Green|<b>Sistema 230V GREENtech:</b><br>390 230V + E045S
o E145S",,CE;Simply,"""Automazioni per ante a battente esterno""","390 230V comprende: un operatore elettromeccanico, accessori per l’installazione, un condensatore di spunto 8μF 400V, una chiave di sblocco",,,,,790077; 790076; 720118; 720119; 720309; 738705; 401057; 390682; 790062,,,"ATTENZIONE: gli operatori 390 devono essere corredati di braccio snodato
(cancello a battente) o telescopico (per porte a libro).
ATTENZIONE: per un corretto funzionamento verificare che tra la cerniera del
cancello e il bordo del pilastro sia presente una distanza max di 300 mm.
Per un cancello a due ante prevedere due operatori, due bracci snodati ed
un’apparecchiatura elettronica di comando.
Gli operatori 390 possono essere corredati di un finecorsa in apertura e di
un finecorsa in chiusura. Per la gestione del/i finecorsa sul 390 è necessario
utilizzare la scheda E145S.",,,,,,
Automazioni per ante a battente esterno,392 C,,84-85,Automazione,104584.png,104583;104584,Attuatore elettromeccanico a braccio articolato 24V,"• L'attuatore è dotato dell'innovativa scheda elettronica E034, che può essere programmata localmente tramite display e pulsante o tramite Simply Connect. Garantisce un'installazione semplice ma allo stesso tempo versatile, offrendo due livelli di programmazione per soddisfare al meglio le esigenze di installazione e rispettare gli standard normativi. 
• É compatibile con il modulo opzionale XLC, che riduce il consumo energetico in standby a 0,5W (2W con Simply Connect). Supporta anche fonti di energia alternative come i pannelli solari, garantendo allo stesso tempo il risparmio economico ed il rispetto per l'ambiente. 
• Estetica rinnovata",Basso,Larghezza max singola anta,"0,5 - 2,5 m (con elettroserratura)",,,,,1,,,,Safe;Green|<b>Sistema GREENtech:</b><br>392 24V + E034,,CE;Omnidec;2Easy;Simply;FDS,"""Automazioni per ante a battente esterno""",,1|2|104203;2|1|410029;3|1|401304;3|1|275101;4|1|790077;4|1|787831;5|2|785103;5|2|737100;6|1|651001;6|1|652001;1|2|675201;2|1|410029;3|1|401304;3|1|275101;4|1|790077;4|1|787831;5|2|785103;5|2|737100,392installazione.eps,POWER 230V kit|106746445;POWER 230V kit PERFECT 60|120017;HIGH kit|120020,104575components.tif,102011;790305;390130;790062;390926;391456;424001;390923,,,"Per un cancello a singola anta prevedere un attuatore 392 C. Per un cancello a due ante prevedere un attuatore 392 C e un attuatore 392. IMPORTANTE: la scheda elettronica E034, grazie alle nuove tecnologie 2easy e Omni è compatibile solamente con la ricevente XF 433/XF 868 (predisposizione a connettore) e con le fotocellule XP 20B D e XP 30B (collegamento ""BUS"").",392_Quote_installative.ai,grafico391.eps,,Pulsanti a chiave;Coste di sicurezza;Trasmittenti e riceventi;Fotocellule e colonnette;Lampeggiatori;Accessori vari,,
Automazioni per ante a battente esterno,402,,86 - 87,Automazione,104468.tif,104468;104468,Attuatore oleodinamico 230V,"• Ingombro minimo, ideale per installazione in spazi ridotti.
• Rivestimento anticorrosione ad alta resistenza agli agenti atmosferici.
• Versione irreversibile in apertura CBC (con blocco in chiusura) e reversibile SBS (senza blocco
slow",Alto,Larghezza max anta,"1,80 m 3 m (con elettroserratura)",,,,,,,,,"Safe | <b>Sistema SAFEzone:</b><br> 402 + E045S o E145S + SAFEcoder;<br> Green | <b>Sistema GREENtech:</b><br> 402 + E045S o E145S
",,CE;Simply,"""Automazioni per ante a battente esterno""","402 CBC comprende: un attuatore oleodinamico con blocco idraulico in
chiusura, accessori per l’installazione, una chiave di sblocco triangolare, un
condensatore di spunto 8μF 400V.
402 SBS comprende: un attuatore oleodinamico senza blocco idraulico in
chiusura, accessori per l’installazione, una chiave di sblocco triangolare, un
condensatore di spunto 8μF 400V.",,,,,104468;104474;404040;490349;713002;720118;720119;720309;737604;790062;790076;790077,,,Per gli attuatori senza blocco occorre installare un’elettroserratura.,,,,,,
Automazioni per ante a battente esterno,422,,88 - 89 ,Automazione,104200.tif,104200;104210,Attuatore oleodinamico 230V,"• Dispositivo di sblocco protetto da chiave. 
• Rivestimento anticorrosione ad alta resistenza agli agenti atmosferici. 
• Versione irreversibile in apertura CBAC (con blocco in chiusura) e reversibile SBS (senza blocco slow).",Alto,Larghezza max anta,"1,8 m 3 m (con elettroserratura)",Velocità max stelo,13 mm/s (*) 10 mm/s (*),,,,,,,"Safe|<b> Sistema 230V SAFEzone: </b><br> 422 + E045S o E145S
+ SAFEcoder;Green|<b>Sistema 230V GREENtech:</b><br>422 + E045S o
E145S",,CE;Simply,"""Automazioni per ante a battente esterno ""","422 comprende: un attuatore oleodinamico con blocco idraulico in apertura/ chiusura (422 CBAC), senza blocco (422 SBS), accessori per l’installazione, una chiave di sblocco, uno condensatore di spunto 8μF 400V.",,,,,790076; 790077; 720118; 720119; 720309; 790062; 712501001-10; 404040; 737604; 490349,,,Per gli attuatori senza blocco occorre installare un’elettroserratura.,,,,,,
Automazioni per ante a battente esterno,400,,90-91,Automazione,104203.tif,104205;104206;104203;104201;104202;104220,Attuatore oleodinamico 230V,• Dispositivo di sblocco protetto da chiave. • Movimento silenziosissimo. • Versione irreversibile in apertura CBAC (con blocco in chiusura) e reversibile SBS (senza blocco slow).,Alto,Larghezza max singola anta,"2,2 - 7 m (con elettroserratura)",,,,,,,,,"Safe|<b>Sistema 230V SAFEzone:</b><br> 400 + E045S o E145S + SAFEcoder;Green|<b>Sistema 230V GREENtech:</b><br>400 + E045S o
E145S",,CE;Simply,"""Automazioni per ante a battente esterno""","<b>400 comprende</b>: un attuatore oleodinamico con blocco idraulico in chiusura (400 CBC), senza blocco idraulico (400 SB), senza blocco idraulico per ante pesanti o pannellate (400 SBS e 400 SBS L), un attuatore oleodinamico con blocco idraulico in apertura/chiusura (400 CBAC e CBAC L), accessori per l'installazione, una chiave di sblocco, un condensatore di spunto 8μF 400V.",,,,,790077;790076;720118;720119;720309;737604;404040;790062;712501001-10;490042;490043;490349,,,Per gli attuatori senza blocco occorre installare un'elettroserratura</br>I modelli 400 L evitano la realizzazione di nicchie sui pilastri in muratura (FIG.1)</br>L'attuatore con blocco è sconsigliato quando non si può accedere al dispositivo di sblocco manuale (ante pannellate o mancanza di altro accesso alla proprietà).,,,,Pulsanti a chiave;Coste di sicurezza;Trasmittenti e riceventi;Fotocellule e colonnette;Lampeggiatori;Accessori vari,,
Automazioni per ante a battente esterno,S450H,,92 - 93 ,Automazione,104100.tif,104100;104101,Attuatore oleodinamico 24V,"• Tecnologia HYbrid (Oleodinamico + 24V). • Encoder assoluto SAFEcoder integrato con funzione di antischiacciamento e inversione su ostacolo. • Arresti meccanici in apertura / chiusura in dotazione di serie, permette di evitare l’installazione di battute meccaniche. • Adatto per l’utilizzo su pilastri di grosse dimensioni",Medio,Larghezza max singola anta,2 - 3 m (con elettroserratura),Velocità max stelo,>25 mm/sec,,,,1,1,,Safe|<b>Sistema 24V SAFEzone:</b><br>S450H + E024S o E124S;Green|<b>Sistema 24V GREENtech:</b><br>S450H + E124S,,CE;2Easy;Hybrid;Simply,"""Automazioni per ante a battente esterno","S450H comprende: un attuatore oleodinamico, accessori per l’installazione,
una chiave di sblocco.",,,,,790305; 390923;390926;712501001-10,,,Le 2 batterie Pb standard non sono fornite da FAAC e devono avere tensione/corrente 12V/4Ah. Dimensioni: 90X70X108 mm,,,,,,
Automazioni per ante a battente con motore integrato,S2500I,,96-97,Automazione,S2500I.tif,104250,Attuatore elettromeccanico 24V,• Design moderno ed esclusivo adattabile ad ogni contesto architettonico. • Operatore invisibile con lampeggiante integrato perfettamente visibile dall'interno e dall'esterno della proprietà. • Battute meccaniche integrate regolabili per definire i punti di arresto a fine corsa in apertura e in chiusura (opzionali).,Medio,Larghezza max singola anta,"2 - 2,5 m (con elettroserratura)",Peso max anta,250 kg,,,,1,1,,Safe|<b>Sistema 24V SAFEzone:</b><br>S2500I + E124S;Green|<b>Sistema 24V GREENtech:</b><br>S2500I + E124S,S2500I_ITA.tif|Guarda il video vimeo.com/faacgroup/S2500I-it,CE;2Easy;Simply,"""Automazioni per ante a battente con motore integrato""","<b>S2500I comprende:</b> un attuatore elettromeccanico, fissaggi attuatore-cerniera, una confezione di grasso ed una chiave di sblocco.</br> <b>Cerniera S2500I comprende:</b> una cerniera superiore composta da piastra, ingranaggio, fissaggi al pilasto, giunto e boccola di collegamento all'anta, 2 lampeggiatori led integrati e serratura di sblocco.",,,,,102011;790305;390130;390926;416251;490250;416250;391456;424550001-10;790062;390091;490252,,,,S2500I,S2500I|Il peso dell'anta è in funzione della larghezza. Verificare attraverso il grafico A che la propria anta rientri nella zona evidenziata sul grafico.,,Pulsanti a chiave;Coste di sicurezza;Trasmittenti e riceventi;Fotocellule e colonnette;Lampeggiatori;Accessori vari,,
Automazioni per ante a battente esterno,770N 230V,,98-99,Automazione,106752.tif,10675201,Attuatore elettromeccanico,• Operatore invisibile • Possibilità di accedere all’operatore senza rimuovere l’anta • Sblocco manuale con doppia leva accessibile sia dall'interno che dall'esterno della proprietà (Brevettato),Medio,Peso max,500 Kg,,,,,,,,,Safe|<b>Sistema 230V SAFEzone:</b><br>770N 230V + E045S o E145S + SAFEcoder;Green|<b>Sistema 230V GREENtech:</b><br>770N 230V + E045S o E145S,,CE,"""Automazioni per ante a battente esterno""","CONFEZIONI 770N 230V comprende: un attuatore elettromeccanico, accessori per l'installazione, due chiavi di sblocco ed un condensatore di spunto 12,5μF 400V. La cassetta portante comprende: una",,,,,790077;790076;720118;720119;720309;404035;790062;490110;490065;712104001-10;390612;490111;722121;722122,,,,,,,Pulsanti a chiave;Coste di sicurezza;Trasmittenti e riceventi;Fotocellule e colonnette;Lampeggiatori;Accessori vari,,
Automazioni per ante a battente con motore interrato,770N 24V,,100 - 101,Automazione,10675301.tif,10675301,Attuatore elettromeccanico interrato,"• Operatore invisibile.
• Dispositivo antischiacciamento ed encoder virtuale con funzione di inversione su ostacolo.
• Sblocco manuale con doppia leva accessibile sia dall'interno che dall'esterno della proprietà
(Brevettato).",Medio,Larghezza max singola anta,"2 - 3,5 m (con elettroserratura)",Peso max,500 Kg,,,,1,1,1,Safe|<b>Sistema 24V SAFEzone</b><br>770N 24V + E024S o E124S;Green|<b>Sistema 24V GREENtech:</b><br>770N 24V + E124S,,CE;Simply,"""Automazioni per ante a battente con motore interrato""","770N 24V comprende: un attuatore elettromeccanico, accessori per
l’installazione, due chiavi di sblocco.
La cassetta portante comprende: una cassetta portante, un coperchio in
acciaio inox, una staffa di sostegno anta dotata di sistema di sblocco a leva,
due chiavi di sblocco, accessori per l’installazione.",,,,,102011; 790286; 790305; 390130; 390923; 390926; 404035; 790062; 490110; 490065; 712104001-10; 390612; 490111; 722121; 722122,,,"ATTENZIONE: L’operatore 770N deve essere corredato di cassetta portante.
Per un cancello a due ante prevedere due operatori, due cassette portanti ed
un’apparecchiatura elettronica di comando.
t Non è compatibile con la scheda E124S.
t Le 2 batterie Pb standard non sono fornite da FAAC e devono avere
tensione/corrente 12V/4Ah. Dimensioni: 90X70X108 mm",,,,,,
Automazioni per ante a battente con motore interrato,S800H ENC,,102 - 103 ,Automazione,108720.tif ,108720;108724;108722;108725,Attuatore oleodinamico 24V interrato,"• Operatore interrato a tecnologia idraulica 24V.
• Encoder magnetico assoluto con BUS 2easy integrato (collegamento a due cavi non polarizzato).
• Positive stop integrati, possibilità di evitare l’installazione di battute meccaniche. Brevetto FAAC.",Alto,Larghezza max singola anta,2 - 4 m,Peso max,800 Kg,,,,1,1,1,"Safe|<b>Sistema 24V SAFEzone:</b><br>S800H ENC + E024S o E124S;Green|<b>Sistema 24V GREENtech:</b><br>S800H ENC +
E124S",,CE;2Easy;Hybrid;Simply,"""Automazioni per ante a battente con motore interrato""","S800H ENC comprende: un attuatore oleodinamico con blocco idraulico
in apertura/chiusura (CBAC) o senza blocco (SBW), un encoder assoluto
magnetico, una chiave di sblocco e regolazione.
La cassetta portante comprende: una cassetta portante in acciaio con
trattamento di cataforesi con perno antirotazione, un coperchio in acciaio
inox satinato.",,,,,790305; 390926; 490112; 490113; 71209101-10 ; 390035; 390972; 490187,,,Le 2 batterie Pb standard non sono fornite da FAAC e devono avere tensione/corrente 12V/4Ah. Dimensioni: 90X70X108 mm,,,,,,
Automazioni per ante a battente con motore interrato,S800 ENC,,104 - 105 ,Automazione,108800.tif ,108800;108801;108802;108803,Attuatore oleodinamico 230V interrato,"• Operatore interrato a tecnologia idraulica 230V.
• Encoder magnetico assoluto con BUS 2easy integrato (collegamento a due cavi non polarizzato).
• Arresti meccanici integrati, permette di evitare l’installazione di battute meccaniche in apertura e
chiusura. Brevetto FAAC.",Alto,Larghezza max anta,2 m 4 m 2 m 4 m,Peso max anta,800 Kg,,,,,,1,Safe|<b>Sistema 230V SAFEzone:</b><br>S800 ENC + E045S o E145S;Green|<b>Sistema 230V GREENtech:</b><br>S800 ENC + E045S o E145S,,CE;2Easy;Simply,"""Automazioni per ante a battente con motore interrato""",Automazioni per ante a battente con motore interrato,,,,,790077; 790076; 720118; 720119; 720309; 790062; 490112; 490113; 390035; 390972; 71209101-10;490187,,,Le 2 batterie Pb standard non sono fornite da FAAC e devono avere tensione/corrente 12V/4Ah. Dimensioni: 90X70X108 mm,,,,,,
Automazioni integrate per cancelli scorrevoli,C4000I,,108 - 109 ,Automazione,109001.tif,109001,Motoriduttore integrato 24V,"• Dimensioni compatte, perfettamente integrabile nel contesto architettonico
• Unità elettronica di controllo ed encoder assoluto elettronico (brevettato) con funzionalità di
inversione su ostacolo e riconoscimento dei finecorsa
• Sblocco manuale accessibile sia dall'interno che dall'esterno della proprietà",Basso,Peso max anta,400 Kg,Velocità max,16 m/min,,,,,1,,Safe;Green,,CE;Omnidec;2Easy,"""Automazioni integrate per cancelli scorrevoli""","C4000I comprende: un attuatore elettromeccanico in bassa tensione con apparecchiatura elettronica E4000I, pignone per cremagliera, una chiave di sblocco e accessori di fissaggio",,,,,63003390; 490122; 490123; 490124; 490125; 490333; 390178,,,Peso massimo del cancello: 400kg.,,,,,,
Automazioni per cancelli scorrevoli,C720,,110 - 111,Automazione,109320.tif ,109320,Motoriduttore 24V in bassa tensione,"• Nuovo principio di riduzione brevettato FAAC: rendimento elevatissimo (>80%) ed efficienza
energetica.
• Finecorsa magnetico.
• Scheda elettronica di controllo con dispositivo antischiacciamento ed encoder elettronico.",Medio,Peso max anta,400 Kg,Velocità max,18 m/min.,,,,1,1,,Safe;Green,,CE;Omnidec;2Easy;FDS,"""Automazioni per cancelli scorrevoli""","C720 comprende: un attuatore elettromeccanico in bassa tensione con
apparecchiatura elettronica E721, pignone per cremagliera, una chiave di
sblocco, piastra di fondazione.",,,,,63002485; 390923; 712501001-10; 424002; 490122;490123; 490124; 490125; 490333; 390178,,,Peso massimo del cancello: 400kg,,,,,,
Automazioni per cancelli scorrevoli,C721,,112-113,Automazione,109321.tif,109321,Motoriduttore 24V in bassa tensione,• Nuovo principio di riduzione: rendimento elevatissimo (>80%) ed efficienza energetica. Brevetto FAAC. • Finecorsa magnetico. • Scheda elettronica di controllo con dispositivo antischiacciamento ed encoder elettronico.,Medio,Peso max anta,800 Kg,Velocità max,18 m/min.,,,,1,1,1,Safe;Green,,CE;Omnidec;2Easy;FDS,"""Automazioni per cancelli scorrevoli""","C721 comprende: un attuatore elettromeccanico in bassa tensione con
apparecchiatura elettronica E721, pignone per cremagliera, una chiave di
sblocco, piastra di fondazione. Il C721 comprende la serratura di sblocco
con chiave personalizzabile.",,,,,63002485; 390923; 712501001-10; 490122; 490123; 490124; 490125; 490333; 390178,,, Peso massimo del cancello: 400kg.,,,,,,
Automazioni per cancelli scorrevoli,740,,114 - 115 ,Automazione,1097805.tif ,1097805,Motoriduttore 230V,"• Programmazione semplificata grazie al display e alla scheda precablata e girevole.
• Finecorsa magnetico.
• Encoder incorporato per inversione su ostacolo e gestione precisa dell’apertura e del
rallentamento.",Medio,Peso max anta,500 Kg,Velocità max,12 m/min.,,,,,,,Safe,,CE,"""Automazioni per cancelli scorrevoli""","740 comprende: un motoriduttore elettromeccanico con apparecchiatura
elettronica 740D, encoder per sicurezza antischiacciamento, pignone per
cremagliera, due chiavi di sblocco, piastra di fondazione, magnetici di
finecorsa.",,,,,202269; 490122; 490123; 490124; 490125; 490333; 390178,,,,,,,,,
Automazioni per cancelli scorrevoli,740 C,,116-117,Automazione,109600.tif,109600,Motoriduttore 230V,"• Motoriduttore avanzato: Unità di controllo integrata con velocità regolabile, ingressi per coste di sicurezza, protocollo radio FDS e Omnidec, tecnologia Bus2Easy. • Compatibile con Simply Connect e modalità di funzionamento a basso consumo (<0,5 W in standby e <2 W in standby con Simply Connect). • Controllo motore ad alte prestazioni: Dotato di encoder ad alta risoluzione per un funzionamento fluido, ottimizzazione della forza, ridotto consumo energetico e sensibilità regolabile per il rilevamento degli ostacoli. • Estetica rinnovata, integrabile in qualsiasi contesto",Medio,Peso max anta,500 Kg,Velocità max,12 m/min.,,,1,,,,Safe;Green,,CE;Omnidec;2Easy;Simply;FDS,"""Automazioni per cancelli scorrevoli""","<b>740 C comprende</b>: un motoriduttore elettromeccanico con apparecchiatura elettronica integrata, encoder per sicurezza antischiacciamento, pignone per cremagliera, due chiavi di sblocco, piastra di fondazione, magnetici di finecorsa.",,,,,490122;490123;490124;490125;490333;390178;63003478,,,,Quote d'installazione (mm),,,Pulsanti a chiave;Coste di sicurezza;Trasmittenti e riceventi;Fotocellule e colonnette;Lampeggiatori;Accessori vari,,
Automazioni per cancelli scorrevoli,740 C,,116 - 117,Automazione,109600.tif ,109600,Motoriduttore 230V,"• Motoriduttore avanzato: Unità di controllo integrata con velocità regolabile, ingressi per coste di
sicurezza, protocollo radio FDS e Omnidec, tecnologia Bus2Easy.
• Compatibile con Simply Connect e modalità di funzionamento a basso consumo (<0,5 W in standby
e <2 W in standby con Simply Connect).
• Controllo motore ad alte prestazioni: Dotato di encoder ad alta risoluzione per un funzionamento
fluido, ottimizzazione della forza, ridotto consumo energetico e sensibilità regolabile per il
rilevamento degli ostacoli.
• Estetica rinnovata, integrabile in qualsiasi contesto",Medio,Peso max anta,500 Kg,Velocità max,12 m/min.,,,1,,,,Safe;Green,,CE;Omnidec;2Easy;FDS,"""Automazioni per cancelli scorrevoli""","740 C comprende: un motoriduttore elettromeccanico con apparecchiatura elettronica integrata, encoder per sicurezza antischiacciamento, pignone per cremagliera, due chiavi di sblocco, piastra di fondazione, magnetici di finecorsa.",,,,,63003478; 490122; 490123; 490124; 490125; 490333; 390178,,,Peso massimo del cancello: 400kg.,,,,,,
Automazioni per cancelli scorrevoli,741,,118 - 119 ,Automazione,1097815.tif,1097815,Motoriduttore 230V,"• Programmazione semplificata grazie al display e alla scheda precablata e girevole.
• Finecorsa magnetico.
• Encoder incorporato per inversione su ostacolo e gestione precisa dell’apertura e del
rallentamento.",Medio,Peso max anta,900 Kg,Velocità max,12 m/min.,,,,,,,Safe,,CE,"""Automazioni per cancelli scorrevoli""","741 comprende: un motoriduttore elettromeccanico con apparecchiatura elettronica 740D, encoder per sicurezza antischiacciamento, pignone per cremagliera, due chiavi di sblocco, piastra di fondazione, magnetici di finecorsa.",,,,,202269; 490122; 490123; 490124; 490125; 490333; 390178,,,Peso massimo del cancello: 400kg.,,,,,,
Automazioni per cancelli scorrevoli,741 C,,120 - 121,Automazione,109602.tif ,109602,Motoriduttore 230V,"• Motoriduttore avanzato: Unità di controllo integrata con velocità regolabile, ingressi per coste di sicurezza, protocollo radio FDS e Omnidec, tecnologia Bus2Easy. 
• Compatibile con Simply Connect e modalità di funzionamento a basso consumo (<0,5 W in standby e <2 W in standby con Simply Connect). 
• Controllo motore ad alte prestazioni: Dotato di encoder ad alta risoluzione per un funzionamento fluido, ottimizzazione della forza, ridotto consumo energetico e sensibilità regolabile per il rilevamento degli ostacoli. 
• Estetica rinnovata, integrabile in qualsiasi contesto",Medio,Peso max anta,900 Kg,Velocità max,12 m/min.,,,1,,,,Safe;Green,,CE;Omnidec;2Easy;FDS;Simply,"""Automazioni per cancelli scorrevoli""","741 C comprende: un motoriduttore elettromeccanico con apparecchiatura elettronica, encoder per sicurezza antischiacciamento, pignone per cremagliera, due chiavi di sblocco, piastra di fondazione, magnetici di finecorsa.",,,,,63003478; 490122; 490123; 490124; 490125; 490333; 390178;,,,Peso massimo del cancello: 400kg,,,,,,
Automazioni per cancelli scorrevoli,746 C,,122 - 123,Automazione,,109745;109746,Motoriduttore 230V,"• Motoriduttore rinnovato grazie alla scheda elettronica di controllo integrata E781 che dispone di livelli di controllo regolabili di velocità. Include due ingressi dedicati per coste di sicurezza (NC o 8,2 KOhm) e tecnologia Bus2Easy 
• Nuovo controllo motore retroattivo dotato di encoder ad alta risoluzione, 746C offre rampe di accelerazione e decelerazione più fluide, ottimizzazione della forza, riduzione dei consumi energetici e sensibilità regolabile al rilevamento degli ostacoli. 
• Compatibile con Simply Connect e con la nuova tecnologia radio FDS",Alto,Peso max anta,400 - 600 Kg,Velocità max,"9,6 - 12 m/min.",,,,,,,Safe;Green,QR-746c-844c_ITA.tif,CE;Omnidec;2Easy;FDS;Simply,"""Automazioni per cancelli scorrevoli"" ","Le confezioni 746 C comprendono: un motoriduttore con pignone e scheda elettronica E781, encoder per sicurezza antischiacciamento, magneti di finecorsa, chiave di sblocco, carter copritivi.",,,,,63003478; 737816; 71275101-10; 390178; 490122; 490123; 490124; 490125;490333; 719167; 719130,,,Peso massimo del cancello: 400kg,,,,,,
Automazioni per cancelli scorrevoli,746 C,,122-123,Automazione,109837.tif,109745,Motoriduttore 230V,"• Motoriduttore rinnovato grazie alla scheda elettronica di controllo integrata E781 che dispone di livelli di controllo regolabili di velocità. Include due ingressi dedicati per coste di sicurezza (NC o 8,2 KOhm) e tecnologia Bus2Easy • Nuovo controllo motore retroattivo dotato di encoder ad alta risoluzione, 746C offre rampe di accelerazione e decelerazione più fluide, ottimizzazione della forza, riduzione dei consumi energetici e sensibilità regolabile al rilevamento degli ostacoli. • Compatibile con Simply Connect e con la nuova tecnologia radio FDS 123 MODELLI FAMIGLIA Modello Codice articolo Prezzo € 746 C Z16 109745 1.208,00 746 C Z20 109746 1.208,00 CONFEZIONI Le confezioni 746 C comprendono: un motoriduttore con pignone e scheda elettronica E781, encoder per sicurezza antischiacciamento, magneti di finecorsa, chiave di sblocco, carter copritivi. Schemi di installazione tipo a pag. 274 APPARECCHIATURE ELETTRONICHE Scheda elettronica E781 Info a pag. 190P 63003478 € 487,00 ACCESSORI Piastra di fondazione con regolazioni laterali ed in altezza 737816 € 52,00 Serratura con chiave personalizzata 1-10 71275101-10 € 27,00 Kit n°4 viti di fissaggio ad avvitare (conf. da 4 kit) da abbinare a 1 m di 490333 390178 € 4,50 CREMAGLIERE Cremagliera zincata 30x12 mod. 4 attacchi a saldare inclusi (conf. 4 pezzi da 1m) 490122 1m € 27,00 Cremagliera zincata 30x8 mod. 4 attacchi a saldare inclusi (conf. 4 pezzi da 1m) 490123 1m € 26,00 Cremagliera zincata 30x12 mod. 4 attacchi fissaggio mecc. inclusi (conf. 4 pezzi da 1m) 490124 1m € 27,00 Cremagliera zincata 30x8 mod. 4 attacchi fissaggio mecc. inclusi (conf. 4 pezzi da 1m) 490125 1m € 34,00 Cremagliera nylon 30x20 mod.4 con anima in acciaio (conf. 4pezzi da 1m)t 490333 1m € 19,00 PIGNONI Pignone Z20 cremagliera 719167 € 47,00 Pignone Z16 cremagliera 719130 € 47,00 NOTA t Peso massimo del cancello: 400kg. QUOTE D'INSTALLAZIONE (MM) 99 388 277 (Z16) 155 Per ulteriori configurazioni consultare il manuale di istruzioni ALTRI ACCESSORI Pulsanti a chiave pagina 216 Coste di sicurezza pagina 227 Trasmittenti e riceventi pagina 208 Fotocellule e colonnette pagina 224 Lampeggiatori pagina 237 Accessori vari pagina 238",Alto,Peso max anta,400 - 600 Kg,Velocità max,"9,6 - 12 m/min.",,,,,,,Safe;Green,QR-746c-844c_ITA.tif,CE;Omnidec;2Easy;Simply;FDS,"""Automazioni per cancelli scorrevoli""","CONFEZIONI Le confezioni 746 C comprendono: un motoriduttore con pignone e scheda elettronica E781, encoder per sicurezza antischiacciamento, magneti di finecorsa, chiave di sblocco, carter copri",,,,,109745;109746;63003478;737816;71275101-10;490333;390178;490122;490123;490124;490125;719167;719130,,,,,,,Pulsanti a chiave;Coste di sicurezza;Trasmittenti e riceventi;Fotocellule e colonnette;Lampeggiatori;Accessori vari,,
Automazioni per cancelli scorrevoli,844 C,,124 - 125,Automazione,,109925;109926,Motoriduttore 230V,"• Motoriduttore rinnovato grazie alla scheda elettronica di controllo integrata E781 che dispone di livelli di controllo regolabili di velocità. Include due ingressi dedicati per coste di sicurezza (NC o 8,2 KOhm) e tecnologia Bus2Easy 
• Nuovo controllo motore retroattivo dotato di encoder ad alta risoluzione, 844 C offre rampe di accelerazione e decelerazione più fluide, ottimizzazione della forza riduzione dei consumi e sensibilità regolabile al rilevamento degli ostacoli 
• Compatibile con Simply Connect e con la nuova tecnologia radio FDS",Alto,Peso max anta,1.800 Kg,Velocità max,"9,5 - 12 m/min.",,,1,,,,Safe;Green,QR-746c-844c_ITA.tif,CE;Omnidec;2Easy;FDS;Simply,"""Automazioni per cancelli scorrevoli""","844 C Z16 , predisposta per applicazioni a cremagliera, comprende: un motoriduttore con pignone e scheda elettronica E781, encoder per sicurezza antischiacciamento, magneti di finecorsa, chiave di sblocco, carter copriviti.",,,,,63003478; 737816; 71275101-10; 390178; 490122; 490123; 490124; 490125; 490333; 719167; 719130,,,Peso massimo del cancello: 400kg.,,,,,,
Automazioni per cancelli scorrevoli,844 3PH,,126 - 127,Automazione,,109928;109904,Motoriduttore 400V,"• Nuova scheda elettronica E844 3PH integrata con rallentamenti e controllo encoder. 
• Massima sicurezza antischiacciamento con encoder magnetico. 
• Finecorsa induttivo. • Predisposizione per fissaggio regolabile in altezza e lateralmente.",Alto,Peso max anta,1.600 - 2.200 Kg,Velocità max,7.2 -9.5- 12 m/min,,,,,,,,,CE,"""Automazioni per cancelli scorrevoli""","844 C 3PH comprende: un motoriduttore predisposto per applicazione a cremagliera senza pignone e con scheda elettronica E844 3PH, lamierini finecorsa per assemblaggio meccanico, chiave di sblocco, carter copriviti.",,,,,202073; 720118; 720119; 720309; 737816; 71275101-10; 490122; 490124; 719167; 719130; 7191661,,,"La scheda elettronica E844 3PH, fornita all'interno del motoriduttore, è compatibile con i contenitori mod. E-L-LM e può essere remotizzata all'occorrenza",,,,,,
Automazioni per cancelli scorrevoli,884 MC 3PH,,128 -129,Automazione,,109885,Motoriduttore 400V,"• Nuova scheda elettronica E844 3PH integrata con programmazione a display e pulsanti.
 • Frizione bidisco a bagno d’olio. • Dispositivo di frenatura: spazi ridotti di arresto e garantita la tenuta in chiusura del cancello. 
• Cofano in acciaio con trattamento di cataforesi e verniciatura in poliestere.",Alto,Peso max anta,3.500 Kg,Velocità max,10 m/min,,,,,,,,,CE,"""Automazioni per cancelli scorrevoli""","884 MC 3PH comprende: un motoriduttore predisposto per applicazione a cremagliera senza pignone e con scheda elettronica E844 3PH, lamierini di finecorsa, chiave di sblocco",,,,,202073; 737628; 719328; 719169,,,,,,,,,
Automazioni per cancelli scorrevoli,C851,,130 - 131,Automazione,,109903,Motoriduttore 230V,"Ideale per applicazioni speciali in cui siano richiesti elevata velocità ed un servizio continuo (100%). 
• Irreversibilità garantita da elettrofreno integrato.73 
• Programmazione della velocità mediante inverter di frequenza integrato nella scheda di comando E850S.",Alto,Larghezza max anta,20 m,Peso max anta,1.800 Kg,,,,1,,,,,CE;2Easy,"""Automazioni per cancelli scorrevoli""","C851 comprende: un motoriduttore predisposto per applicazione a cremagliera con pignone Z28, con apparecchiatura elettronica E850S dotata di inverter a bordo e finecorsa magnetici e meccanici incorporati.",,,,,63003207; 737850; 490122,,,,,,,,,
Automazioni per porte sezionali,D600,,134 -135,Automazione,,110600,Attuatore elettromeccanico 24V a traino,"• Installazione rapida e semplice grazie al binario premontato ed innesto a rotazione.
• Trasmissione a cinghia.
• Rallentamento elettronico di finecorsa regolabile ed inversione su ostacolo.",Medio,Forza max tiro/spinta,600 N,Velocità di rallentamento,"1,3 m/min",,,,,1,,Safe,,CE;Omnidec;Classe_II,"""Automazioni per porte sezionali""","IMPORTANTE: ad ogni operatore D600 deve sempre essere abbinato un binario in pezzo singolo o due pezzi con trascinamento a cinghia. D600 comprende: un operatore elettromeccanico con apparecchiatura elettronica e lampada di cortesia temporizzata, accessori per l’installazione, dispositivo di sblocco interno.",,,,,2024015; 390768; 390765; 390923; 390488; 424591001-10,,390120; 390126; 390132; 390139; 390226; 390232; 390239,"Importante: le schede elett. E600/E700 HS/E1000, con la nuova tecnologia omnidec sono compatibili solamente con la ricevente XF 433/XF 868. Le automazioni D600 - D700 HS - D1000 possono essere equipaggiate solo con il lampeggiatore XL24L. Per installare lo sblocco esterno a chiave è necessario utilizzare anche l’accessorio cavo e guaina per sblocco esterno.",,,,,,
Automazioni per porte sezionali,D700 HS,,136 - 137 ,Automazione,,110602,Attuatore elettromeccanico 24V a traino,"• Installazione rapida e semplice grazie al binario premontato ed innesto a rotazione. 
• Trasmissione a cinghia. 
• Velocità fino a 12 m/minuto. Il doppio rispetto alle automazioni tradizionali!",Medio,Forza max tiro/spinta,700 N,Altezza min architrave,35 mm,,,,1,1,,Safe,,CE;Omnidec;Classe_II,"""Automazioni per porte sezionali""","IMPORTANTE: ad ogni operatore D700 HS deve sempre essere abbinato un binario in pezzo singolo o due pezzi con trascinamento a cinghia. D700 HS comprende: un operatore elettromeccanico con apparecchiatura elettronica e lampada di cortesia temporizzata, accessori per l’installazione, dispositivo di sblocco interno.",,,,,63002425; 390768; 390765; 390923; 390488; 424591001-10,,390120; 390126; 390132; 390139; 390226; 390232; 390239,"Importante: le schede elett. E600/E700 HS/E1000, con la nuova tecnologia omniDEC sono compatibili solamente con la ricevente XF 433/XF 868. Le automazioni D600 - D700 HS - D1000 possono essere equipaggiate solo con il lampeggiatore XL24L. Per installare lo sblocco esterno a chiave è necessario utilizzare anche l’accessorio cavo e guaina per sblocco esterno.",,,,,,
Automazioni per porte sezionali,D1000,,138 - 139,Automazione,,110601,Attuatore elettromeccanico 24V a traino,"• Installazione rapida e semplice grazie al binario premontato ed innesto a rotazione.
• Trasmissione a cinghia.
• Rallentamento elettronico di finecorsa regolabile ed inversione su ostacolo.",Medio,Forza max tiro/spinta,1000 N,Altezza min architrave,35 mm,,,,,1,,Safe,,CE;Omnidec;Classe_II,"""Automazioni per porte sezionali""","IMPORTANTE: ad ogni operatore D1000 deve sempre essere abbinato un binario in pezzo singolo o due pezzi con trascinamento a cinghia. D1000 comprende: un operatore elettromeccanico con apparecchiatura elettronica e lampada di cortesia temporizzata, accessori per l’installazione, dispositivo di sblocco interno.",,,,,2024025; 390768; 390548; 390765; 390923; 390488; 424591001-10,,390120; 390126; 390132; 390139; 390226; 390232; 390239,"Importante: le schede elett. E600/E700 HS/E1000, con la nuova tecnologia omniDEC sono compatibili solamente con la ricevente XF 433/XF 868. Le automazioni D600 - D700 HS - D1000 possono essere equipaggiate solo con il lampeggiatore XL24L. Per installare lo sblocco esterno a chiave è necessario utilizzare anche l’accessorio cavo e guaina per sblocco esterno.",,,,,,
Automazioni per porte basculanti,550,,148 - 149 ,Automazione,,110549;110553;110562;110558;110123;110124;110127;110125,Attuatore elettromeccanico 230V,"• Sicurezza antischiacciamento: dispositivo elettronico di regolazione coppia motrice ed ENCODER. 
• Finecorsa microswitch integrati per maggior frequenza di utilizzo. 
• Sblocco interno e predisposizione per sblocco esterno con chiave personalizzata. NUOVA VERSIONE D550 - PROSSIMAMENTE DISPONIBILE • Nuova scheda elettronica con funzionalità di basso consumo in modalità stand-by integrata.
 • Design estetico rinnovato. • Illuminazione LED avanzata per una maggiore efficienza e durata.",Medio,Dimensioni max porta (L X H),"3 x 2,7 m (4 x 3 m con due attuatori)",Peso max porta,10 Kg/mq,,,,,,,Safe,,CE,"""Automazioni per porte basculanti""","550 Slave / 550 L Slave comprendono: un attuatore elettromeccanico, carter di protezione con plafoniera incorporata, lampada di cortesia temporizzata, un condensatore di spunto 10μF 400V (8μF 400V mod. L). 550 ITT / 550 L ITT comprendono: un attuatore elettromeccanico, carter di protezione con plafoniera incorporata, apparecchiatura elettronica E550, finecorsa meccanici di apertura e chiusura, encoder, lampada di cortesia temporizzata, un condensatore di spunto 10μF 400V (8μF 400V mod. L).",,,,,2022855; 722136; 722140; 390563; 390564; 738709; 736022; 390592; 424550001-10; 390607; 110554; 424551,,,,,,,,,
Automazioni per porte basculanti,580 - 593,,150 - 151,Automazione,,104501;104502;110597,Attuatore oleodinamico 230V,"• Sicurezza antischiacciamento garantita da un dispositivo oleodinamico.
 • Attuatore sicuro durevole, potente e silenzioso. 
• Possibilità di applicazione doppia su porte di dimensioni importanti. 
• Anti-intrusione affidata al blocco idraulico in apertura e chiusura. • Garanzia della tenuta della porta in apertura, anche in caso di forte vento.",Alto,Dimensioni max porta (L X H),"3,5 x 3 m (6 x 4 m con due attuatori)",Peso max porta,15 Kg/mq,,,,,,,Green|<b>Sistema GREENtech:</b><br>580 + E045S o E145S,,CE,"""Automazioni per porte basculanti""","580 comprende: un attuatore oleodinamico - con blocco idraulico in
apertura/chiusura (580 CBAC) - senza blocco (580 SB), un condensatore di
spunto 8μF 400V 593 comprende: un attuatore oleodinamico, staffe di fissaggio, un
condensatore di spunto 8μF 400V.",,,,,790077; 790076; 720119; 720118; 720309; 722299;722291;424560001-10;424560101-10;390474;790062;390432;390433;390434;390435; 390563;390564;736023;390594,,,,,,,,,
Automazioni per porte a libro,390 230V,,154 - 155,Automazione,,104570,Attuatore elettromeccanico a braccio articolato 230V,"• Apertura mediante braccio telescopico. 
• Installazione attuatore direttamente su uno dei due pannelli. 
• Dispositivo di sblocco manuale azionabile dall'interno proprietà o dall'esterno.",Medio,Larghezza max singolo,"1,5 m",Velocità angolare max,8 °/s (*),,,,,,,Green|<b>Sistema 230V GREENtech:</b>,,CE,"""Automazioni per porte a libro""","390 230V comprende: un operatore elettromeccanico, accessori per l’installazione, un condensatore di spunto 8μF 400V, una chiave di sblocco",,,,,790077; 790076; 720118; 720119; 720309; 738706; 401057; 390682; 790062,,,"ATTENZIONE: gli operatori 390 devono essere corredati di braccio snodato (cancello a battente) o telescopico (per porte a libro). Per una porta a libro a due pannelli prevedere due operatori, due bracci snodati ed un'apparecchiatura elettronica di comando. Gli operatori 390 possono essere corredati di un finecorsa in apertura e di un finecorsa in chiusura. Per la gestione del/i finecorsa sul 390 è necessario utilizzare la scheda E145S.",,,,,,
Automazioni per porte a libro,560,,156 - 157,Automazione,,104561;104562,Attuatore oleodinamico 230V,"• Ideale per portoni a libro con raccolta in 2 ante. Apertura e chiusura mediante braccio telescopico. 
• In caso di blackout lo sblocco sull’attuatore permette apertura e chiusura manuale. 
• Antischiacciamento garantito da coppia di valvole by-pass con sistema di inviolabilità delle stesse.",Alto,Larghezza max singolo,"1,5 - 2 m",Velocità angolare max,"12,4 °/s (*)",,,,,,,Green|<b>Sistema GREENtech:</b><br>560 + E045S o E145S,,CE,"""Automazioni per porte a libro""","560 comprende: un attuatore oleodinamico - con blocco idraulico in apertura/chiusura (560 CBAC) - senza blocco idraulico (560 SB), un condensatore di spunto 8μF 400V.",,,,,790077; 790076; 720118; 720119; 720309; 738700; 738703; 490251; 790062,,,,,,,,,
Barriere automatiche,B614,,160-161,Automazione,104614_RAL9006.tif,104614;1046143,Barriera automatica 24V,"• Massima sicurezza antischiacciamento e motore con encoder integrato.
• Regolazione di velocità e fluidità di movimento.
• Apparecchiatura elettronica integrata nella parte superiore di facile accesso e programmazione intuitiva.",Medio,Lunghezza asta max,6 m,Tempo di apertura,<2 s </br>(80° con asta 3 m),,,,1,1,,Safe;Green,B614.tif vimeo.com/faacgroup/b614it,CE;Omnidec;2Easy,"""Barriere automatiche""","<b>B614 comprende:</b> corpo barriera, motoriduttore elettromeccanico e sistema di trasmissione, apparecchiatura elettronica, accessori d'installazione, una chiave di sblocco triangolare.",,,,,63001034;428441;428446;428805;737621;428806;490183;410032;713002;390923,,,,,,,,,
Barriere automatiche,B614,ASTE TONDE S - Ø 75MM ( ETICHETTE ADESIVE NON INCLUSE,162,asta,,428046;428045;428042;428043;428002;428615,Aste tonde,,,,,,,,,,,,,,,CE;Omnidec;2easy,,,,,,,428445;428444;390993;490117;390992;721209;490186;721232;428715,,,,Quote-B614-art-ton.eps,,Tabella_Molle_B14_Tonde.indd,,,
Barriere automatiche,B614,ASTE RETTANGOLARI,163,asta,,428088;428089;428090;428091,Aste rettangolari,Asta rettangolare standard,,,,,,,,,,,,,,CE;Omnidec;2easy,,,,,,,428137;428342;390992;390993;390184;721209;490186,,,"Le aste rettangolari dispongono di un profilo di gomma antiurto; per una ragione di bilanciamento non è possibile installare sul profilo dell'asta delle coste di sicurezza ""attive"".",Quote-B614-art-ret.eps,,,,,
Barriere automatiche,615BPR,,164 - 165,Automazione,,104906;104910,Barriera automatica 230V,"• Attuatore oleodinamico con blocco in apertura e chiusura. 
• Ideale per passaggi a media frequenza di transito e il controllo di piccole e medie aree private. 
• Equipaggiata di serie con finecorsa e sicurezza oleodinamica antischiacciamento.",Medio,Lunghezza asta max,5 m,Tempo di apertura,"5,7 s",,,,,,,,,CE,"""Barriere automatiche""","615BPR comprende: corpo barriera, sistema oleodinamico di trasmissione completo di centralina oleodinamica e pistone a doppio effetto, scheda elettronica 615BPR incorporata, accessori d’installazione, una chiave di sblocco triangolare.",,,,,790281; 428441; 428446; 428806; 737621; 428805; 490073; 401066; 713002,,,"ATTENZIONE: l'asta rettangolare e l'asta tonda S dispongono di un profilo in gomma antiurto; per una ragione di bilanciamento non è possibile installare sul profilo dell'asta delle coste di sicurezza “attive”. t Per un corretto bilanciamento, l'installazione di un piedino su un'asta e su un'asta con siepe, comporta la scelta di un cofano barriera per una lunghezza asta superiore di 0,5 m.",,,,,,
Barriere automatiche,615BPR,,166,asta,,428046;428045;428042;428043;428002;428615,ASTE TONDE S - Ø 75MM ( ETICHETTE ADESIVE NON INCLUSE) E ACCESSORI SPECIFICI,,,,,,,,,,,,,,,,,,,,,,428445; 390081; 390993; 490117; ,,,,,,,,,
Barriere automatiche,615BPR,,167,asta,,428088;428089;428090;428091,ASTE RETTANGOLARI,,,,,,,,,,,,,,,,,,,,,,428342; 428137; 390081; 390993; 390184,,,La tasca di fissaggio asta non è compresa nel cofano e deve essere ordinata separatamente. t L'installazione del kit comporta la sostituzione del profilo in gomma antiurto nero con quello fornito rosso. L'utilizzo del kit non è compatibile con altri accessori installati sull'asta.,,,,,,
Barriere automatiche,B680H,,176,Asta,,104680,Barriera automatica 24V HYbrid,"• 2.000.000 di cicli grazie al sistema Brushless + Oleodinamico e alle molle a durata infinita. 
• Cofano rimovibile disponibile in 4 colori o in acciaio Inox. 
• Estrema ottimizzazione logistica: un solo modello di barriera per tutte le lunghezze.",Alto,Lunghezza asta max,2 - 8 m,Tempo di apertura,"1,5 - 6 s",,,,1,1,,Safe;Green, B680H.tif vimeo.com/faacgroup/b680h-it,CE;2Easy;Hybrid;Simply,"""Barriera automatica 24V HYbrid""","B680H comprende: montante barriera con apparecchiatura elettronica ed encoder assoluto, sistema oleodinamico di trasmissione del moto, accessori d’installazione, una chiave di sblocco triangolare. NON sono comprese la tasca, la molla di bilanciamento (vendute congiuntamente con un altro codice) ed il cofano.",,,,,63003452; 416016; 416017; 416018; 416019; 416020; 428176; 428163; 390828,,,,,,,,,
Schede elettroniche ed accessori,Mod. L,,187,Accessori,,720118,,,,,,,,,,,,,,,,,,,,,,,,,,,,,,,,
Trasmittenti e riceventi,XTO,,204,Accessori,787832_1.tif,787030;787031,Sistema 868MHz SLH-DS,"Ricevente ad innesto rapido (compatibile con tutte le apparecchiature elettroniche FAAC dotate di connettore ad innesto rapido a 5 pin, o utenze esterne tramite la connessione all'interfaccia relè RP accessoria)",,,,,,,,1,,,1,,,Omnidec,"""Trasmittenti e riceventi""",,,,,,787030;787031;787832;787854;787855,XF 868 MHz;RP 868 SLH-DS;RP2 868 SLH-DS,,,,,,,,
Barriere automatiche,B614,,160-163,barriera,,104614;1046143,B614,,,,,,,,,,,,,,,,Barriere automatiche per controllo accessi,,,,,,,,,,,,,,,
Barriere automatiche,Aste B614,,160-163,asta,,428002;428042;428043;428045;428046;428088;428089;428090;428091;428615,Aste per barriera B614,,,,,,,,,,,,,,,,Aste per barriera B614,,,,,,,,,,,,,,,
,,,,,,,,,,,,,,,,,,,,,,,,,,,,,,,,,,,,,,
Barriere automatiche,615BPR,,164-167,barriera,,104906;104910,615BPR,,,,,,,,,,,,,,,,Barriere automatiche per controllo accessi,,,,,,,,,,,,,,,
Barriere automatiche,Aste 615BPR,,164-167,asta,,428002;428042;428043;428045;428046;428088;428089;428090;428091;428615,Aste per barriera 615BPR,,,,,,,,,,,,,,,,Aste per barriera 615BPR,,,,,,,,,,,,,,,
,,,,,,,,,,,,,,,,,,,,,,,,,,,,,,,,,,,,,,
Barriere automatiche,620 Standard,,168-171,barriera,,1046218;1046418;1047048;1047148;1047508;1047518;1046408;1046428;1046478;1046488;1046208;1046228;1046268;1046278;1046288,620 Standard,,,,,,,,,,,,,,,,Barriere automatiche per controllo accessi,,,,,,,,,,,,,,,
Barriere automatiche,Aste 620 Standard,,168-171,asta,,428002;428042;428043;428045;428046;428088;428089;428090;428091;428176;428615,Aste per barriera 620 Standard,,,,,,,,,,,,,,,,Aste per barriera 620 Standard,,,,,,,,,,,,,,,
,,,,,,,,,,,,,,,,,,,,,,,,,,,,,,,,,,,,,,
Barriere automatiche,620 Rapida,,172-175,barriera,,1046358;1046558;1046538;1046548;1046338;1046348,620 Rapida,,,,,,,,,,,,,,,,Barriere automatiche per controllo accessi,,,,,,,,,,,,,,,
Barriere automatiche,Aste 620 Rapida,,172-175,asta,,428042;428045;428088;428089;428090;428176,Aste per barriera 620 Rapida,,,,,,,,,,,,,,,,Aste per barriera 620 Rapida,,,,,,,,,,,,,,,
,,,,,,,,,,,,,,,,,,,,,,,,,,,,,,,,,,,,,,
Barriere automatiche,B680H,,176-179,barriera,,104680,B680H,,,,,,,,,,,,,,,,Barriere automatiche per controllo accessi,,,,,,,,,,,,,,,
Barriere automatiche,Aste B680H,,176-179,asta,,428042;428043;428044;428045;428046;428047;428048;428049;428050;428051;428176;428615;428616,Aste per barriera B680H,,,,,,,,,,,,,,,,Aste per barriera B680H,,,,,,,,,,,,,,,
,,,,,,,,,,,,,,,,,,,,,,,,,,,,,,,,,,,,,,
Barriere automatiche,Access XL2/XXL,,180-183,barriera,,,Access XL2/XXL,,,,,,,,,,,,,,QR_ACCESS_IT.tiff,,Barriere automatiche per controllo accessi,,,,,,,,,,,,,,,
Barriere automatiche,TOLL,,184-185,barriera,,,TOLL,,,,,,,,,,,,,,,,Barriere automatiche per controllo accessi,,,,,,,,,,,,,,,
Apparecchiature elettroniche di comando,Contenitori,,187,accessori,,720309;720119,Contenitori,,,,,,,,,,,,,,,,Apparecchiature elettroniche e schede di controllo,,,,,,,,,,,,,,,
Apparecchiature elettroniche di comando,Schede elettroniche,,188-194,accessori,,102011;202073;202269;402502;790076;790077;790281;790286;790305;790905;790922;2022715;2022855;2024015;2024025;63000710;63001034;63002425;63002485;63003207;63003390;63003452;63003478,Schede elettroniche,,,,,,,,,,,,,,,,Apparecchiature elettroniche e schede di controllo,,,,,,,,,,,,,,,
Accessori per automazioni,Dispositivi Simply Connect,,196,accessori,,787378;787510,Dispositivi Simply Connect,,,,,,,,,,,,,,QR_SIMPLY_CONNECT.tiff,,Accessori per sistemi di automazione,,,,,,,,,,,,,,,
Accessori per automazioni,Applicazioni Simply Connect,,197-199,accessori,,787378;787510,Applicazioni Simply Connect,,,,,,,,,,,,,,,,Accessori per sistemi di automazione,,,,,,,,,,,,,,,
Accessori per automazioni,Sistema 433-868MHz FDS,,200-201,accessori,,787017;787018,Sistema 433-868MHz FDS,,,,,,,,,,,,,,QR_FDS_ITA.tiff vimeo.com/faacgroup/fds-it,,Accessori per sistemi di automazione,,,,,,,,,,,,,,,
Accessori per automazioni,Sistema 433-868MHz FDS BD,,202-203,accessori,,787019;787020,Sistema 433-868MHz FDS BD,,,,,,,,,,,,,,QR_FDS_ITA.tiff vimeo.com/faacgroup/fds-it,,Accessori per sistemi di automazione,,,,,,,,,,,,,,,
Accessori per automazioni,XTO - Sistema 868MHz SLH-DS,,204-205,accessori,,787030;787031,XTO - Sistema 868MHz SLH-DS,,,,,,,,,,,,,,SLH_IT.tif vimeo.com/faacgroup/slh-it,,Accessori per sistemi di automazione,,,,,,,,,,,,,,,
Accessori per automazioni,XTO - Sistema 433 MHz SLH-SL-DS-RC,,206-207,accessori,,787856;787857,XTO - Sistema 433 MHz SLH-SL-DS-RC,,,,,,,,,,,,,,SLH_IT.tif vimeo.com/faacgroup/slh-it,,Accessori per sistemi di automazione,,,,,,,,,,,,,,,
Accessori per automazioni,Sistema 433MHz RC,,214-215,accessori,,787456;787856,Sistema 433MHz RC,,,,,,,,,,,,,,,,Accessori per sistemi di automazione,,,,,,,,,,,,,,,
Accessori per automazioni,Datori d'impulso semplici,,216-219,accessori,,401012;401013,Datori d'impulso semplici,,,,,,,,,,,,,,,,Accessori per sistemi di automazione,,,,,,,,,,,,,,,
Accessori per automazioni,Datori d'impulso elettronici,,220-222,accessori,,786041;786040,Datori d'impulso elettronici,,,,,,,,,,,,,,XTR_B_IT.tif vimeo.com/faacgroup/xtrb-it,,Accessori per sistemi di automazione,,,,,,,,,,,,,,,
Accessori per automazioni,Datori d'impulso per applicazioni speciali,,223-222,accessori,,,Datori d'impulso per applicazioni speciali,,,,,,,,,,,,,,,,Accessori per sistemi di automazione,,,,,,,,,,,,,,,
Accessori per automazioni,Alimentatore supplementare,,223,accessori,,786041;786040,Alimentatore supplementare,,,,,,,,,,,,,,,,Accessori per sistemi di automazione,,,,,,,,,,,,,,,
Accessori per automazioni,Fotocellule da parete orientabili,,224-225,accessori,,785103;785102,Fotocellule da parete orientabili,,,,,,,,,,,,,,,,Accessori per sistemi di automazione,,,,,,,,,,,,,,,
Accessori per automazioni,Fotocellule da parete o incasso,,226,accessori,,105536;105538,Fotocellule da parete o incasso,,,,,,,,,,,,,,,,Accessori per sistemi di automazione,,,,,,,,,,,,,,,
Accessori per automazioni,XS Costa di sicurezza,,227-228,accessori,,785200;105536,XS Costa di sicurezza,,,,,,,,,,,,,,,,Accessori per sistemi di automazione,,,,,,,,,,,,,,,
Accessori per automazioni,Unità di controllo per coste di sicurezza,,229,accessori,,785200,Unità di controllo per coste di sicurezza,,,,,,,,,,,,,,,,Accessori per sistemi di automazione,,,,,,,,,,,,,,,
Accessori per automazioni,Sistema Radio Coste,,230,accessori,,787012;787013,Sistema Radio Coste,,,,,,,,,,,,,,,,Accessori per sistemi di automazione,,,,,,,,,,,,,,,
Accessori per automazioni,SAFEcoder,,231,accessori,,404035;404040;404041,SAFEcoder,,,,,,,,,,,,,,,,Accessori per sistemi di automazione,,,,,,,,,,,,,,,
Accessori per automazioni,XLC,,232,accessori,,390130,XLC,,,,,,,,,,,,,,,,Accessori per sistemi di automazione,,,,,,,,,,,,,,,
Accessori per automazioni,XUSB,,233,accessori,,202274,XUSB,,,,,,,,,,,,,,,,Accessori per sistemi di automazione,,,,,,,,,,,,,,,
Accessori per automazioni,Sensori Laser,,234,accessori,,736425;736426,Sensori Laser,,,,,,,,,,,,,,,,Accessori per sistemi di automazione,,,,,,,,,,,,,,,
Accessori per automazioni,M60 Costa elettromeccanica,,235,accessori,,736425;736426,M60 Costa elettromeccanica,,,,,,,,,,,,,,,,Accessori per sistemi di automazione,,,,,,,,,,,,,,,
Accessori per automazioni,SAFE PRO - misuratore curva d'impatto,,236,accessori,,950224,SAFE PRO - misuratore curva d'impatto,,,,,,,,,,,,,,,,Accessori per sistemi di automazione,,,,,,,,,,,,,,,
Accessori per automazioni,Lampeggiatori,,237,accessori,,410017;410029,Lampeggiatori,,,,,,,,,,,,,,,,Accessori per sistemi di automazione,,,,,,,,,,,,,,,
Accessori per automazioni,Accessori e materiali di consumo,,238,accessori,,714017;714041,Accessori e materiali di consumo,,,,,,,,,,,,,,,,Accessori per sistemi di automazione,,,,,,,,,,,,,,,
Automazioni per serrande avvolgibili,RL200,,240-241,automazione,,109950;391450;391452;391453;391454;391456;720119;790905,RL200,,,,,,,,,,,,,,,,Operatori per serrande avvolgibili,,,,,,,,,,,,,,,
Automazioni per serrande avvolgibili,RH200B,,242-243,automazione,,109960;109961;391450;391452;391453;391454;391456;720119;790905,RH200B,,,,,,,,,,,,,,,,Operatori per serrande avvolgibili,,,,,,,,,,,,,,,
Automazioni per serrande avvolgibili,RH240,,244-245,automazione,,109971;391450;391455;391456;720119;790905,RH240,,,,,,,,,,,,,,,,Operatori per serrande avvolgibili,,,,,,,,,,,,,,,
Automazioni per serrande avvolgibili,RH240B,,246-247,automazione,,109981;391450;391455;391456;720119;790905,RH240B,,,,,,,,,,,,,,,,Operatori per serrande avvolgibili,,,,,,,,,,,,,,,