page;product;mark_type;bold_text;normal_text;full_html
044;LEADER kit;Safe;SAFEzone composto da:;Leader kit 230V;<b>SAFEzone composto da:</b><br>Leader kit 230V
044;LEADER kit;Safe;SAFEzone composto da:;Trendy kit 230V;<b>SAFEzone composto da:</b><br>Trendy kit 230V
045;TRENDY kit 230V;Safe;SAFEzone composto da:;Leader kit 230V;<b>SAFEzone composto da:</b><br>Leader kit 230V
045;TRENDY kit 230V;Safe;SAFEzone composto da:;Trendy kit 230V;<b>SAFEzone composto da:</b><br>Trendy kit 230V
046;MASTER kit 230V;Safe;SAFEzone composto da:;MASTER kit 230V;<b>SAFEzone composto da:</b><br>MASTER kit 230V
047;MASTER kit 24V;Safe;SAFEzone composto da:;MASTER kit 230V;<b>SAFEzone composto da:</b><br>MASTER kit 230V
048;HANDY kit;Safe;SAFEzone composto da:;ECO kit 230V;<b>SAFEzone composto da:</b><br>ECO kit 230V
049;ECO kit;Safe;SAFEzone composto da:;ECO kit 230V;<b>SAFEzone composto da:</b><br>ECO kit 230V
052;POWER kit 230V;Safe;SAFEzone composto da:;POWER kit 230V;<b>SAFEzone composto da:</b><br>POWER kit 230V
053;POWER kit 24V;Safe;SAFEzone composto da:;POWER kit 230V;<b>SAFEzone composto da:</b><br>POWER kit 230V
072;S418;Safe;Sistema 24V SAFEzone:;S418 + E024S o E124S;<b>Sistema 24V SAFEzone:</b><br>S418 + E024S o E124S
072;S418;Green;Sistema 24V GREENtech:;S418 + E124S;<b>Sistema 24V GREENtech:</b><br>S418 + E124S
078;415 230V;Safe;Sistema 230V SAFEzone:;415 230V + E045S o E145S + SAFEcoder;<b>Sistema 230V SAFEzone:</b><br>415 230V + E045S o E145S + SAFEcoder
078;415 230V;Green;Sistema 230V GREENtech:;415 230V + E045S o E145S;<b>Sistema 230V GREENtech:</b><br>415 230V + E045S o E145S
080;415 24V;Safe;Sistema 24V SAFEzone:;415 24V + E024S o E124S;<b>Sistema 24V SAFEzone:</b><br>415 24V + E024S o E124S
080;415 24V;Green;Sistema 24V GREENtech:;415 24V + E124S;<b>Sistema 24V GREENtech:</b><br>415 24V + E124S
082;390 230V;Green;Sistema 230V GREENtech:;390 230V + E045S o E145S;<b>Sistema 230V GREENtech:</b><br>390 230V + E045S o E145S
086;402;Safe;Sistema SAFEzone:;402 + E045S o E145S + SAFEcoder;<b>Sistema SAFEzone:</b><br>402 + E045S o E145S + SAFEcoder
086;402;Green;Sistema GREENtech:;402 + E045S o E145S;<b>Sistema GREENtech:</b><br>402 + E045S o E145S
088;422;Safe;Sistema 230V SAFEzone:;422 + E045S o E145S + SAFEcoder;<b>Sistema 230V SAFEzone:</b><br>422 + E045S o E145S + SAFEcoder
088;422;Green;Sistema 230V GREENtech:;422 + E045S o E145S;<b>Sistema 230V GREENtech:</b><br>422 + E045S o E145S
090;400;Safe;Sistema 230V SAFEzone:;400 + E045S o E145S + SAFEcoder;<b>Sistema 230V SAFEzone:</b><br>400 + E045S o E145S + SAFEcoder
090;400;Green;Sistema 230V GREENtech:;400 + E045S o E145S;<b>Sistema 230V GREENtech:</b><br>400 + E045S o E145S
092;S450H;Safe;Sistema 24V SAFEzone:;S450H + E024S o E124S;<b>Sistema 24V SAFEzone:</b><br>S450H + E024S o E124S
092;S450H;Green;Sistema 24V GREENtech:;S450H + E124S;<b>Sistema 24V GREENtech:</b><br>S450H + E124S
096;S2500I;Safe;Sistema 24V SAFEzone:;S2500I + E124S;<b>Sistema 24V SAFEzone:</b><br>S2500I + E124S
096;S2500I;Green;Sistema 24V GREENtech:;S2500I + E124S;<b>Sistema 24V GREENtech:</b><br>S2500I + E124S
098;770N 230V;Safe;Sistema 230V SAFEzone:;770N 230V + E045S o E145S + SAFEcoder;<b>Sistema 230V SAFEzone:</b><br>770N 230V + E045S o E145S + SAFEcoder
098;770N 230V;Green;Sistema 230V GREENtech:;770N 230V + E045S o E145S;<b>Sistema 230V GREENtech:</b><br>770N 230V + E045S o E145S
100;770N 24V;Safe;Sistema 24V SAFEzone:;770N 24V + E024S o E124S;<b>Sistema 24V SAFEzone:</b><br>770N 24V + E024S o E124S
100;770N 24V;Green;Sistema 24V GREENtech:;770N 24V + E124S;<b>Sistema 24V GREENtech:</b><br>770N 24V + E124S
102;S800H ENC;Safe;Sistema 24V SAFEzone:;S800H ENC + E024S o E124S;<b>Sistema 24V SAFEzone:</b><br>S800H ENC + E024S o E124S
102;S800H ENC;Green;Sistema 24V GREENtech:;S800H ENC + E124S;<b>Sistema 24V GREENtech:</b><br>S800H ENC + E124S
150;580 - 593;Green;Sistema GREENtech:;580 + E045S o E145S;<b>Sistema GREENtech:</b><br>580 + E045S o E145S
154;390 230V;Green;Sistema 230V GREENtech:;390 230V + E045S o E145S;<b>Sistema 230V GREENtech:</b><br>390 230V + E045S o E145S
156;560;Green;Sistema GREENtech:;560 + E045S o E145S;<b>Sistema GREENtech:</b><br>560 + E045S o E145S
