page;product_name;model_name;model_sku;price;codici_modelli;categoria_prodotto
;;;;;;Categoria
72;S418;S418 24V;104301;505,00;104301;Automazioni per ante a battente esterno
74;412;412 dx;104470;463,00;"104470; 104471";Automazioni per ante a battente esterno
74;412;412 sx;104471;463,00;"104470; 104471";Automazioni per ante a battente esterno
76;413 230V;413 230V;104413;594,00;104413;Automazioni per ante a battente esterno
78;415 230V;415;104415;567,00;"104415; 104417";Automazioni per ante a battente esterno
78;415 230V;415 L;104417;621,00;"104415; 104417";Automazioni per ante a battente esterno
80;415 24V;415 24V;1044151;655,00;"1044151; 1044171";Automazioni per ante a battente esterno
80;415 24V;415 L 24V;1044171;707,00;"1044151; 1044171";Automazioni per ante a battente esterno
82;390 230V;390 230V;104570;667,00;104570;Automazioni per ante a battente esterno
84;392 C;392 C;104583;855,00;"104583; 104584";Automazioni per ante a battente esterno
84;392 C;392;104584;574,00;"104583; 104584";Automazioni per ante a battente esterno
86;402;402 CBC;104468;722,00;"104468; 104474";Automazioni per ante a battente esterno
86;402;402 SBS;104474;713,00;"104468; 104474";Automazioni per ante a battente esterno
88;422;422 CBAC;104200;1.006,00;"104200; 104210";Automazioni per ante a battente esterno
88;422;422 SBS;104210;929,00;"104200; 104210";Automazioni per ante a battente esterno
90;400;400 CBC;104205;1.250,00;"104205; 104206; 104203; 104201; 104202; 104220";Automazioni per ante a battente esterno
90;400;400 SB;104206;1.211,00;"104205; 104206; 104203; 104201; 104202; 104220";Automazioni per ante a battente esterno
90;400;400 SBS;104203;1.233,00;"104205; 104206; 104203; 104201; 104202; 104220";Automazioni per ante a battente esterno
90;400;400 CBAC;104201;1.299,00;"104205; 104206; 104203; 104201; 104202; 104220";Automazioni per ante a battente esterno
90;400;400 CBAC L;104202;1.474,00;"104205; 104206; 104203; 104201; 104202; 104220";Automazioni per ante a battente esterno
90;400;400 SBS L;104220;1.616,00;"104205; 104206; 104203; 104201; 104202; 104220";Automazioni per ante a battente esterno
92;S450H;S450H CBAC;104100;917,00;"104100; 104101";Automazioni per ante a battente esterno
92;S450H;S450H SB;104101;879,00;"104100; 104101";Automazioni per ante a battente esterno
96;S2500I;S2500I 24V;104250;1.121,00;104250;Automazioni per ante a battente con motore interrato
98;770N 230V;770N 230V;10675201;820,00;10675201;Automazioni per ante a battente con motore interrato
100;770N 24V;770N 24V;10675301;820,00;10675301;Automazioni per ante a battente con motore interrato
102;S800H ENC;S800H ENC CBAC 100°;108720;1.407,00;"108720; 108724; 108722; 108725";Automazioni per ante a battente con motore interrato
102;S800H ENC;S800H ENC SBW 100°;108724;1.407,00;"108720; 108724; 108722; 108725";Automazioni per ante a battente con motore interrato
102;S800H ENC;S800H ENC CBAC 180°;108722;1.547,00;"108720; 108724; 108722; 108725";Automazioni per ante a battente con motore interrato
102;S800H ENC;S800H ENC SBW 180°;108725;1.547,00;"108720; 108724; 108722; 108725";Automazioni per ante a battente con motore interrato
104;S800 ENC;S800 ENC CBAC 100°;108800;1.402,00;"108800; 108802; 108801; 108803";Automazioni per ante a battente con motore interrato
104;S800 ENC;S800 ENC SBW 100°;108802;1.402,00;"108800; 108802; 108801; 108803";Automazioni per ante a battente con motore interrato
104;S800 ENC;S800 ENC CBAC 180°;108801;1.547,00;"108800; 108802; 108801; 108803";Automazioni per ante a battente con motore interrato
104;S800 ENC;S800 ENC SBW 180°;108803;1.547,00;"108800; 108802; 108801; 108803";Automazioni per ante a battente con motore interrato
108;C4000I;C4000I;109001;1.012,00;109001;Automazioni per cancelli scorrevoli
110;C720;C720 24V;109320;750,00;109320;Automazioni per cancelli scorrevoli
112;C721;C721 24V;109321;1.040,00;109321;Automazioni per cancelli scorrevoli
114;740;740 E Z16 con encoder;1097805;750,00;1097805;Automazioni per cancelli scorrevoli
116;740 C;740 C con encoder;109600;825,00;109600;Automazioni per cancelli scorrevoli
118;741;741 E Z16 con encoder;1097815;1.010,00;1097815;Automazioni per cancelli scorrevoli
120;741 C;741 C con encoder;109602;1.110,00;109602;Automazioni per cancelli scorrevoli
122;746 C;746 C Z16;109745;1.208,00;"109745; 109746";Automazioni per cancelli scorrevoli
122;746 C;746 C Z20;109746;1.208,00;"109745; 109746";Automazioni per cancelli scorrevoli
124;844 C;844 C Z16;109925;1.691,00;"109925; 109926";Automazioni per cancelli scorrevoli
124;844 C;844;109926;1.158,00;"109925; 109926";Automazioni per cancelli scorrevoli
126;844 3PH;844 C 3PH;109928;2.014,00;"109928; 109904";Automazioni per cancelli scorrevoli
126;844 3PH;844 R 3PH;109904;1.310,00;"109928; 109904";Automazioni per cancelli scorrevoli
128;884 MC 3PH;884 MC 3PH;109885;4.300,00;109885;Automazioni per cancelli scorrevoli
130;C851;C851;109903;4.942,00;109903;Automazioni per cancelli scorrevoli
134;D600;D600;110600;477,00;110600;Automazioni per porte sezionali
136;D700 HS;D700 HS;110602;494,00;110602;Automazioni per porte sezionali
138;D1000;D1000;110601;580,00;110601;Automazioni per porte sezionali
148;550;550 ITT;110549;930,00;"110549; D550 ITT; 110123; 110553; D550 Slave S/L; 110124; 110562; D550 L ITT; 110127; 110558; D550 L Slave; 110125";Automazioni per porte basculanti
148;550;550 Slave;D550 ITT;624,00;"110549; D550 ITT; 110123; 110553; D550 Slave S/L; 110124; 110562; D550 L ITT; 110127; 110558; D550 L Slave; 110125";Automazioni per porte basculanti
148;550;550 L ITT;110123;930,00;"110549; D550 ITT; 110123; 110553; D550 Slave S/L; 110124; 110562; D550 L ITT; 110127; 110558; D550 L Slave; 110125";Automazioni per porte basculanti
148;550;550 L Slave;110553;624,00;"110549; D550 ITT; 110123; 110553; D550 Slave S/L; 110124; 110562; D550 L ITT; 110127; 110558; D550 L Slave; 110125";Automazioni per porte basculanti
148;550;;D550 Slave S/L;;"110549; D550 ITT; 110123; 110553; D550 Slave S/L; 110124; 110562; D550 L ITT; 110127; 110558; D550 L Slave; 110125";Automazioni per porte basculanti
148;550;;110124;;"110549; D550 ITT; 110123; 110553; D550 Slave S/L; 110124; 110562; D550 L ITT; 110127; 110558; D550 L Slave; 110125";Automazioni per porte basculanti
148;550;;110562;;"110549; D550 ITT; 110123; 110553; D550 Slave S/L; 110124; 110562; D550 L ITT; 110127; 110558; D550 L Slave; 110125";Automazioni per porte basculanti
148;550;;D550 L ITT;;"110549; D550 ITT; 110123; 110553; D550 Slave S/L; 110124; 110562; D550 L ITT; 110127; 110558; D550 L Slave; 110125";Automazioni per porte basculanti
148;550;;110127;;"110549; D550 ITT; 110123; 110553; D550 Slave S/L; 110124; 110562; D550 L ITT; 110127; 110558; D550 L Slave; 110125";Automazioni per porte basculanti
148;550;;110558;;"110549; D550 ITT; 110123; 110553; D550 Slave S/L; 110124; 110562; D550 L ITT; 110127; 110558; D550 L Slave; 110125";Automazioni per porte basculanti
148;550;;D550 L Slave;;"110549; D550 ITT; 110123; 110553; D550 Slave S/L; 110124; 110562; D550 L ITT; 110127; 110558; D550 L Slave; 110125";Automazioni per porte basculanti
148;550;;110125;;"110549; D550 ITT; 110123; 110553; D550 Slave S/L; 110124; 110562; D550 L ITT; 110127; 110558; D550 L Slave; 110125";Automazioni per porte basculanti
150;580 - 593;580 CBAC;104501;1.181,00;"104501; 104502; 110597";Automazioni per porte basculanti
150;580 - 593;580 SB;104502;1.154,00;"104501; 104502; 110597";Automazioni per porte basculanti
150;580 - 593;593;110597;898,00;"104501; 104502; 110597";Automazioni per porte basculanti
154;390 230V;390 230V;104570;667,00;104570;Automazioni per porte a libro
156;560;560 CBAC;104561;1.527,00;"104561; 104562";Automazioni per porte a libro
156;560;560 SB;104562;1.465,00;"104561; 104562";Automazioni per porte a libro
160;B614;B614 Rosso RAL 3020;104614;1.556,00;"104614; 1046143";Barriere automatiche
160;B614;B614 Grigio RAL 9006;1046143;1.556,00;"104614; 1046143";Barriere automatiche
164;615BPR;615BPR Standard Arancio RAL 2004;104906;1.279,00;"104906; 104910";Barriere automatiche
164;615BPR;615BPR Standard Grigio RAL 9006;104910;1.279,00;"104906; 104910";Barriere automatiche
168;620 Standard;620 standard sx/dx;Vedi tabella seguente;2.518,00;Vedi tabella seguente;Barriere automatiche
172;620 Rapida;620 Rapida sx/dx;Vedi tabella seguente;2.758,00;Vedi tabella seguente;Barriere automatiche
176;B680H;B680H;104680;2.176,00;104680;Barriere automatiche
187;Contenitori;Contenitore mod. LM per schede elettroniche;720309;83,00;"720309; 720119; 720118";Apparecchiature elettroniche di comando
187;Contenitori;Contenitore mod. E per schede elettroniche;720119;35,00;"720309; 720119; 720118";Apparecchiature elettroniche di comando
187;Contenitori;Contenitore mod. L per schede elettroniche;720118;55,00;"720309; 720119; 720118";Apparecchiature elettroniche di comando
196;Dispositivi Simply Connect;XWBL;787378;116,00;"787378; 787510; 787349; 790418";Accessori per automazioni
196;Dispositivi Simply Connect;XMBX4;787510;312,00;"787378; 787510; 787349; 790418";Accessori per automazioni
196;Dispositivi Simply Connect;XRS485;787349;84,00;"787378; 787510; 787349; 790418";Accessori per automazioni
196;Dispositivi Simply Connect;XMULTICOM;790418;221,00;"787378; 787510; 787349; 790418";Accessori per automazioni
197;Applicazioni Simply Connect;XWBL;787378;116,00;"787378; 787510; 787349; 790418";Accessori per automazioni
197;Applicazioni Simply Connect;XMBX4;787510;312,00;"787378; 787510; 787349; 790418";Accessori per automazioni
197;Applicazioni Simply Connect;XRS485;787349;84,00;"787378; 787510; 787349; 790418";Accessori per automazioni
197;Applicazioni Simply Connect;XMULTICOM;790418;221,00;"787378; 787510; 787349; 790418";Accessori per automazioni
200;Sistema 433-868MHz FDS;XT2 FDS 433-868;787017;87,00 cad.;"787017; 787018; 787023; 787024; 787021; 787022; 787025";Accessori per automazioni
200;Sistema 433-868MHz FDS;;787018;113,00 cad.;"787017; 787018; 787023; 787024; 787021; 787022; 787025";Accessori per automazioni
200;Sistema 433-868MHz FDS;XR2N 433-868;787023;103,00;"787017; 787018; 787023; 787024; 787021; 787022; 787025";Accessori per automazioni
200;Sistema 433-868MHz FDS;XR4N 433-868;787024;178,00;"787017; 787018; 787023; 787024; 787021; 787022; 787025";Accessori per automazioni
200;Sistema 433-868MHz FDS;RP FDS 433-868;787021;171,00;"787017; 787018; 787023; 787024; 787021; 787022; 787025";Accessori per automazioni
200;Sistema 433-868MHz FDS;RP2 FDS 433-868;787022;274,00;"787017; 787018; 787023; 787024; 787021; 787022; 787025";Accessori per automazioni
200;Sistema 433-868MHz FDS;XF FDS 433-868;787025;132,00;"787017; 787018; 787023; 787024; 787021; 787022; 787025";Accessori per automazioni
202;Sistema 433-868MHz FDS BD;XT2 FDS BD 433-868;787019;95,00 cad.;"787019; 787020; 787023; 787024; 787021; 787022; 787025";Accessori per automazioni
202;Sistema 433-868MHz FDS BD;;787020;126,00 cad.;"787019; 787020; 787023; 787024; 787021; 787022; 787025";Accessori per automazioni
202;Sistema 433-868MHz FDS BD;XR2N 433-868;787023;103,00;"787019; 787020; 787023; 787024; 787021; 787022; 787025";Accessori per automazioni
202;Sistema 433-868MHz FDS BD;XR4N 433-868;787024;178,00;"787019; 787020; 787023; 787024; 787021; 787022; 787025";Accessori per automazioni
202;Sistema 433-868MHz FDS BD;RP FDS 433-868;787021;171,00;"787019; 787020; 787023; 787024; 787021; 787022; 787025";Accessori per automazioni
202;Sistema 433-868MHz FDS BD;RP2 FDS 433-868;787022;274,00;"787019; 787020; 787023; 787024; 787021; 787022; 787025";Accessori per automazioni
202;Sistema 433-868MHz FDS BD;XF FDS 433-868;787025;132,00;"787019; 787020; 787023; 787024; 787021; 787022; 787025";Accessori per automazioni
204;XTO - Sistema 868MHz SLH-DS;XTO2 868MHz;787030;41,00 cad.;"787030; 787031; 787854; 787855; 787832; 787023; 787024; 787834; 785534";Accessori per automazioni
204;XTO - Sistema 868MHz SLH-DS;;787031;55,00 cad.;"787030; 787031; 787854; 787855; 787832; 787023; 787024; 787834; 785534";Accessori per automazioni
204;XTO - Sistema 868MHz SLH-DS;RP 868 SLH-DS;787854;89,00;"787030; 787031; 787854; 787855; 787832; 787023; 787024; 787834; 785534";Accessori per automazioni
204;XTO - Sistema 868MHz SLH-DS;RP2 868 SLH-DS;787855;137,00;"787030; 787031; 787854; 787855; 787832; 787023; 787024; 787834; 785534";Accessori per automazioni
204;XTO - Sistema 868MHz SLH-DS;XF 868;787832;61,00;"787030; 787031; 787854; 787855; 787832; 787023; 787024; 787834; 785534";Accessori per automazioni
204;XTO - Sistema 868MHz SLH-DS;XR2N FDS 433-868 MHz ;787023;103,00;"787030; 787031; 787854; 787855; 787832; 787023; 787024; 787834; 785534";Accessori per automazioni
204;XTO - Sistema 868MHz SLH-DS;XR4N FDS 433-868 MHz;787024;178,00;"787030; 787031; 787854; 787855; 787832; 787023; 787024; 787834; 785534";Accessori per automazioni
204;XTO - Sistema 868MHz SLH-DS;PLUS1 868 MHz;787834;92,00;"787030; 787031; 787854; 787855; 787832; 787023; 787024; 787834; 785534";Accessori per automazioni
204;XTO - Sistema 868MHz SLH-DS;DECODER SLH;785534;88,00;"787030; 787031; 787854; 787855; 787832; 787023; 787024; 787834; 785534";Accessori per automazioni
206;XTO - Sistema 433 MHz SLH-SL-DS-RC;RP1 433 RC;787856;69,00;"787856; 787857; 787032; 787033; 787023; 787024; 787833; 785534; 787852; 787853; 787831";Accessori per automazioni
206;XTO - Sistema 433 MHz SLH-SL-DS-RC;RP2 433 RC;787857;110,00;"787856; 787857; 787032; 787033; 787023; 787024; 787833; 785534; 787852; 787853; 787831";Accessori per automazioni
206;XTO - Sistema 433 MHz SLH-SL-DS-RC;XTO2 433;787032;41,00 cad.;"787856; 787857; 787032; 787033; 787023; 787024; 787833; 785534; 787852; 787853; 787831";Accessori per automazioni
206;XTO - Sistema 433 MHz SLH-SL-DS-RC;;787033;55,00 cad.;"787856; 787857; 787032; 787033; 787023; 787024; 787833; 785534; 787852; 787853; 787831";Accessori per automazioni
206;XTO - Sistema 433 MHz SLH-SL-DS-RC;XR2N FDS 433-868 MHz ;787023;103,00;"787856; 787857; 787032; 787033; 787023; 787024; 787833; 785534; 787852; 787853; 787831";Accessori per automazioni
206;XTO - Sistema 433 MHz SLH-SL-DS-RC;XR4N FDS 433-868 MHz;787024;178,00;"787856; 787857; 787032; 787033; 787023; 787024; 787833; 785534; 787852; 787853; 787831";Accessori per automazioni
206;XTO - Sistema 433 MHz SLH-SL-DS-RC;PLUS1 433 MHz;787833;92,00;"787856; 787857; 787032; 787033; 787023; 787024; 787833; 785534; 787852; 787853; 787831";Accessori per automazioni
206;XTO - Sistema 433 MHz SLH-SL-DS-RC;DECODER SLH;785534;88,00;"787856; 787857; 787032; 787033; 787023; 787024; 787833; 785534; 787852; 787853; 787831";Accessori per automazioni
206;XTO - Sistema 433 MHz SLH-SL-DS-RC;RP 433 SLH;787852;81,00;"787856; 787857; 787032; 787033; 787023; 787024; 787833; 785534; 787852; 787853; 787831";Accessori per automazioni
206;XTO - Sistema 433 MHz SLH-SL-DS-RC;RP2 433 SLH;787853;131,00;"787856; 787857; 787032; 787033; 787023; 787024; 787833; 785534; 787852; 787853; 787831";Accessori per automazioni
206;XTO - Sistema 433 MHz SLH-SL-DS-RC;XF 433;787831;61,00;"787856; 787857; 787032; 787033; 787023; 787024; 787833; 785534; 787852; 787853; 787831";Accessori per automazioni
208;Sistema 868MHz SLH LR;XT2 868 SLH LR;787009;40,00 cad.;"787009; 7870091; 787010; 7870101; 787854; 787855; 787832; 787023; 787024; 787834; 785534";Accessori per automazioni
208;Sistema 868MHz SLH LR;;7870091;40,00 cad.;"787009; 7870091; 787010; 7870101; 787854; 787855; 787832; 787023; 787024; 787834; 785534";Accessori per automazioni
208;Sistema 868MHz SLH LR;;787010;53,00 cad.;"787009; 7870091; 787010; 7870101; 787854; 787855; 787832; 787023; 787024; 787834; 785534";Accessori per automazioni
208;Sistema 868MHz SLH LR;;7870101;53,00 cad.;"787009; 7870091; 787010; 7870101; 787854; 787855; 787832; 787023; 787024; 787834; 785534";Accessori per automazioni
208;Sistema 868MHz SLH LR;RP 868 SLH;787854;89,00;"787009; 7870091; 787010; 7870101; 787854; 787855; 787832; 787023; 787024; 787834; 785534";Accessori per automazioni
208;Sistema 868MHz SLH LR;RP2 868 SLH;787855;137,00;"787009; 7870091; 787010; 7870101; 787854; 787855; 787832; 787023; 787024; 787834; 785534";Accessori per automazioni
208;Sistema 868MHz SLH LR;XF 868;787832;61,00;"787009; 7870091; 787010; 7870101; 787854; 787855; 787832; 787023; 787024; 787834; 785534";Accessori per automazioni
208;Sistema 868MHz SLH LR;XR2N 433-868;787023;103,00;"787009; 7870091; 787010; 7870101; 787854; 787855; 787832; 787023; 787024; 787834; 785534";Accessori per automazioni
208;Sistema 868MHz SLH LR;XR4N 433-868;787024;178,00;"787009; 7870091; 787010; 7870101; 787854; 787855; 787832; 787023; 787024; 787834; 785534";Accessori per automazioni
208;Sistema 868MHz SLH LR;PLUS1 868 MHz;787834;92,00;"787009; 7870091; 787010; 7870101; 787854; 787855; 787832; 787023; 787024; 787834; 785534";Accessori per automazioni
208;Sistema 868MHz SLH LR;DECODER SLH;785534;88,00;"787009; 7870091; 787010; 7870101; 787854; 787855; 787832; 787023; 787024; 787834; 785534";Accessori per automazioni
210;Sistema 433MHz SLH LR;XT2 433 SLH LR;787007;41,00 cad.;"787007; 7870071; 787008; 7870081; 787852; 787853; 787831; 787023; 787024; 787833; 785534";Accessori per automazioni
210;Sistema 433MHz SLH LR;;7870071;41,00 cad.;"787007; 7870071; 787008; 7870081; 787852; 787853; 787831; 787023; 787024; 787833; 785534";Accessori per automazioni
210;Sistema 433MHz SLH LR;;787008;55,00 cad.;"787007; 7870071; 787008; 7870081; 787852; 787853; 787831; 787023; 787024; 787833; 785534";Accessori per automazioni
210;Sistema 433MHz SLH LR;;7870081;55,00 cad.;"787007; 7870071; 787008; 7870081; 787852; 787853; 787831; 787023; 787024; 787833; 785534";Accessori per automazioni
210;Sistema 433MHz SLH LR;RP 433 SLH;787852;81,00;"787007; 7870071; 787008; 7870081; 787852; 787853; 787831; 787023; 787024; 787833; 785534";Accessori per automazioni
210;Sistema 433MHz SLH LR;RP2 433 SLH;787853;131,00;"787007; 7870071; 787008; 7870081; 787852; 787853; 787831; 787023; 787024; 787833; 785534";Accessori per automazioni
210;Sistema 433MHz SLH LR;XF 433;787831;61,00;"787007; 7870071; 787008; 7870081; 787852; 787853; 787831; 787023; 787024; 787833; 785534";Accessori per automazioni
210;Sistema 433MHz SLH LR;XR2N 433-868;787023;103,00;"787007; 7870071; 787008; 7870081; 787852; 787853; 787831; 787023; 787024; 787833; 785534";Accessori per automazioni
210;Sistema 433MHz SLH LR;XR4N 433-868;787024;178,00;"787007; 7870071; 787008; 7870081; 787852; 787853; 787831; 787023; 787024; 787833; 785534";Accessori per automazioni
210;Sistema 433MHz SLH LR;PLUS1 433 MHz;787833;92,00;"787007; 7870071; 787008; 7870081; 787852; 787853; 787831; 787023; 787024; 787833; 785534";Accessori per automazioni
210;Sistema 433MHz SLH LR;DECODER SLH;785534;88,00;"787007; 7870071; 787008; 7870081; 787852; 787853; 787831; 787023; 787024; 787833; 785534";Accessori per automazioni
212;Sistema SLHP LR;XT2 433 SLH LR;787007;41,00 cad.;"787007; 7870071; 787008; 7870081; 787009; 7870091; 787010; 7870101; 787834; 787833; 404015; 103054; 103337; 785538; 785535";Accessori per automazioni
212;Sistema SLHP LR;;7870071;41,00 cad.;"787007; 7870071; 787008; 7870081; 787009; 7870091; 787010; 7870101; 787834; 787833; 404015; 103054; 103337; 785538; 785535";Accessori per automazioni
212;Sistema SLHP LR;;787008;55,00 cad.;"787007; 7870071; 787008; 7870081; 787009; 7870091; 787010; 7870101; 787834; 787833; 404015; 103054; 103337; 785538; 785535";Accessori per automazioni
212;Sistema SLHP LR;;7870081;55,00 cad.;"787007; 7870071; 787008; 7870081; 787009; 7870091; 787010; 7870101; 787834; 787833; 404015; 103054; 103337; 785538; 785535";Accessori per automazioni
212;Sistema SLHP LR;;787009;41,00 cad.;"787007; 7870071; 787008; 7870081; 787009; 7870091; 787010; 7870101; 787834; 787833; 404015; 103054; 103337; 785538; 785535";Accessori per automazioni
212;Sistema SLHP LR;;7870091;41,00 cad.;"787007; 7870071; 787008; 7870081; 787009; 7870091; 787010; 7870101; 787834; 787833; 404015; 103054; 103337; 785538; 785535";Accessori per automazioni
212;Sistema SLHP LR;;787010;55,00 cad.;"787007; 7870071; 787008; 7870081; 787009; 7870091; 787010; 7870101; 787834; 787833; 404015; 103054; 103337; 785538; 785535";Accessori per automazioni
212;Sistema SLHP LR;;7870101;55,00 cad.;"787007; 7870071; 787008; 7870081; 787009; 7870091; 787010; 7870101; 787834; 787833; 404015; 103054; 103337; 785538; 785535";Accessori per automazioni
212;Sistema SLHP LR;PLUS1 868 MHz;787834;92,00;"787007; 7870071; 787008; 7870081; 787009; 7870091; 787010; 7870101; 787834; 787833; 404015; 103054; 103337; 785538; 785535";Accessori per automazioni
212;Sistema SLHP LR;PLUS1 433 MHz;787833;92,00;"787007; 7870071; 787008; 7870081; 787009; 7870091; 787010; 7870101; 787834; 787833; 404015; 103054; 103337; 785538; 785535";Accessori per automazioni
212;Sistema SLHP LR;Unità di programmazione SLH;404015;204,00;"787007; 7870071; 787008; 7870081; 787009; 7870091; 787010; 7870101; 787834; 787833; 404015; 103054; 103337; 785538; 785535";Accessori per automazioni
212;Sistema SLHP LR;Radiocoder 868 SLH;103054;147,00;"787007; 7870071; 787008; 7870081; 787009; 7870091; 787010; 7870101; 787834; 787833; 404015; 103054; 103337; 785538; 785535";Accessori per automazioni
212;Sistema SLHP LR;Radiocoder 433 SLH;103337;147,00;"787007; 7870071; 787008; 7870081; 787009; 7870091; 787010; 7870101; 787834; 787833; 404015; 103054; 103337; 785538; 785535";Accessori per automazioni
212;Sistema SLHP LR;Software SLHP;785538;gratuito;"787007; 7870071; 787008; 7870081; 787009; 7870091; 787010; 7870101; 787834; 787833; 404015; 103054; 103337; 785538; 785535";Accessori per automazioni
212;Sistema SLHP LR;DECODER SLHP;785535;105,00;"787007; 7870071; 787008; 7870081; 787009; 7870091; 787010; 7870101; 787834; 787833; 404015; 103054; 103337; 785538; 785535";Accessori per automazioni
214;Sistema 433MHz RC;XT4 433 RC;787456;33,00 cad.;"787456; 787856; 787857; 787831; 787023; 787024";Accessori per automazioni
214;Sistema 433MHz RC;RP1 433 RC;787856;69,00;"787456; 787856; 787857; 787831; 787023; 787024";Accessori per automazioni
214;Sistema 433MHz RC;RP2 433 RC;787857;110,00;"787456; 787856; 787857; 787831; 787023; 787024";Accessori per automazioni
214;Sistema 433MHz RC;XF 433;787831;61,00;"787456; 787856; 787857; 787831; 787023; 787024";Accessori per automazioni
214;Sistema 433MHz RC;XR2N 433-868;787023;103,00;"787456; 787856; 787857; 787831; 787023; 787024";Accessori per automazioni
214;Sistema 433MHz RC;XR4N 433-868;787024;178,00;"787456; 787856; 787857; 787831; 787023; 787024";Accessori per automazioni
216;Datori d'impulso semplici;T20 E (*);401012;63,00;"401012; 401013; 401016; 401014; 401015; 401017; 391456; 401302; 401044; 401303; 401045; 401304; 401046; 401305; 401047";Accessori per automazioni
216;Datori d'impulso semplici;T21 E (*);401013;80,00;"401012; 401013; 401016; 401014; 401015; 401017; 391456; 401302; 401044; 401303; 401045; 401304; 401046; 401305; 401047";Accessori per automazioni
216;Datori d'impulso semplici;T21 EF (**);401016;89,00;"401012; 401013; 401016; 401014; 401015; 401017; 391456; 401302; 401044; 401303; 401045; 401304; 401046; 401305; 401047";Accessori per automazioni
216;Datori d'impulso semplici;T20 I (*);401014;63,00;"401012; 401013; 401016; 401014; 401015; 401017; 391456; 401302; 401044; 401303; 401045; 401304; 401046; 401305; 401047";Accessori per automazioni
216;Datori d'impulso semplici;T21 I (*);401015;80,00;"401012; 401013; 401016; 401014; 401015; 401017; 391456; 401302; 401044; 401303; 401045; 401304; 401046; 401305; 401047";Accessori per automazioni
216;Datori d'impulso semplici;T21 IF (**);401017;89,00;"401012; 401013; 401016; 401014; 401015; 401017; 391456; 401302; 401044; 401303; 401045; 401304; 401046; 401305; 401047";Accessori per automazioni
216;Datori d'impulso semplici;XK30;391456;85,00;"401012; 401013; 401016; 401014; 401015; 401017; 391456; 401302; 401044; 401303; 401045; 401304; 401046; 401305; 401047";Accessori per automazioni
216;Datori d'impulso semplici;XK10;401302;40,00;"401012; 401013; 401016; 401014; 401015; 401017; 391456; 401302; 401044; 401303; 401045; 401304; 401046; 401305; 401047";Accessori per automazioni
216;Datori d'impulso semplici;XK10 INOX;401044;63,00;"401012; 401013; 401016; 401014; 401015; 401017; 391456; 401302; 401044; 401303; 401045; 401304; 401046; 401305; 401047";Accessori per automazioni
216;Datori d'impulso semplici;XK11;401303;57,00;"401012; 401013; 401016; 401014; 401015; 401017; 391456; 401302; 401044; 401303; 401045; 401304; 401046; 401305; 401047";Accessori per automazioni
216;Datori d'impulso semplici;XK11 INOX;401045;80,00;"401012; 401013; 401016; 401014; 401015; 401017; 391456; 401302; 401044; 401303; 401045; 401304; 401046; 401305; 401047";Accessori per automazioni
216;Datori d'impulso semplici;XK10 B;401304;47,00;"401012; 401013; 401016; 401014; 401015; 401017; 391456; 401302; 401044; 401303; 401045; 401304; 401046; 401305; 401047";Accessori per automazioni
216;Datori d'impulso semplici;XK10 B INOX;401046;72,00;"401012; 401013; 401016; 401014; 401015; 401017; 391456; 401302; 401044; 401303; 401045; 401304; 401046; 401305; 401047";Accessori per automazioni
216;Datori d'impulso semplici;XK11 B;401305;63,00;"401012; 401013; 401016; 401014; 401015; 401017; 391456; 401302; 401044; 401303; 401045; 401304; 401046; 401305; 401047";Accessori per automazioni
216;Datori d'impulso semplici;XK11 B INOX;401047;89,00;"401012; 401013; 401016; 401014; 401015; 401017; 391456; 401302; 401044; 401303; 401045; 401304; 401046; 401305; 401047";Accessori per automazioni
220;Datori d'impulso elettronici;XTR B;786041;133,00;"786041; 786040; 790904; 785529; 785527; 404039; 404037; 404038";Accessori per automazioni
220;Datori d'impulso elettronici;XTR B INOX;786040;194,00;"786041; 786040; 790904; 785529; 785527; 404039; 404037; 404038";Accessori per automazioni
220;Datori d'impulso elettronici;MINISERVICE;790904;135,00;"786041; 786040; 790904; 785529; 785527; 404039; 404037; 404038";Accessori per automazioni
220;Datori d'impulso elettronici;FG1 monocanale;785529;411,00;"786041; 786040; 790904; 785529; 785527; 404039; 404037; 404038";Accessori per automazioni
220;Datori d'impulso elettronici;FG2 bicanale;785527;636,00;"786041; 786040; 790904; 785529; 785527; 404039; 404037; 404038";Accessori per automazioni
220;Datori d'impulso elettronici;XKP B INOX;404039;203,00;"786041; 786040; 790904; 785529; 785527; 404039; 404037; 404038";Accessori per automazioni
220;Datori d'impulso elettronici;XKP W 433 INOX;404037;236,00;"786041; 786040; 790904; 785529; 785527; 404039; 404037; 404038";Accessori per automazioni
220;Datori d'impulso elettronici;XKP W 868 INOX;404038;236,00;"786041; 786040; 790904; 785529; 785527; 404039; 404037; 404038";Accessori per automazioni
223;Alimentatore supplementare;XTR B;786041;133,00;"786041; 786040; 790904; 785529; 785527";Accessori per automazioni
223;Alimentatore supplementare;XTR B INOX;786040;194,00;"786041; 786040; 790904; 785529; 785527";Accessori per automazioni
223;Alimentatore supplementare;MINISERVICE;790904;135,00;"786041; 786040; 790904; 785529; 785527";Accessori per automazioni
223;Alimentatore supplementare;FG1 monocanale;785529;411,00;"786041; 786040; 790904; 785529; 785527";Accessori per automazioni
223;Alimentatore supplementare;FG2 bicanale;785527;636,00;"786041; 786040; 790904; 785529; 785527";Accessori per automazioni
224;Fotocellule da parete orientabili;XP 20B D;785103;79,00;"785103; 785102; 785104";Accessori per automazioni
224;Fotocellule da parete orientabili;XP 20 D;785102;79,00;"785103; 785102; 785104";Accessori per automazioni
224;Fotocellule da parete orientabili;XP 20W D;785104;98,00;"785103; 785102; 785104";Accessori per automazioni
226;Fotocellule da parete o incasso;KIT A MISURA;105536;249,00;"105536; 105538; 105531; 105547; 785106; 7851061; 785105; 7851051";Accessori per automazioni
226;Fotocellule da parete o incasso;*IL KIT CONTIENE:;105538;302,00;"105536; 105538; 105531; 105547; 785106; 7851061; 785105; 7851051";Accessori per automazioni
226;Fotocellule da parete o incasso;;105531;320,00;"105536; 105538; 105531; 105547; 785106; 7851061; 785105; 7851051";Accessori per automazioni
226;Fotocellule da parete o incasso;;105547;512,00;"105536; 105538; 105531; 105547; 785106; 7851061; 785105; 7851051";Accessori per automazioni
226;Fotocellule da parete o incasso;XP 30B;785106;109,00;"105536; 105538; 105531; 105547; 785106; 7851061; 785105; 7851051";Accessori per automazioni
226;Fotocellule da parete o incasso;XP 30B INOX;7851061;166,00;"105536; 105538; 105531; 105547; 785106; 7851061; 785105; 7851051";Accessori per automazioni
226;Fotocellule da parete o incasso;XP 30;785105;104,00;"105536; 105538; 105531; 105547; 785106; 7851061; 785105; 7851051";Accessori per automazioni
226;Fotocellule da parete o incasso;XP 30 INOX;7851051;162,00;"105536; 105538; 105531; 105547; 785106; 7851061; 785105; 7851051";Accessori per automazioni
227;XS Costa di sicurezza;CN 60 E;785200;221,00;"785200; 105536; 105538; 105531; 105547; 785106; 7851061; 785105; 7851051";Accessori per automazioni
227;XS Costa di sicurezza;KIT A MISURA;105536;249,00;"785200; 105536; 105538; 105531; 105547; 785106; 7851061; 785105; 7851051";Accessori per automazioni
227;XS Costa di sicurezza;*IL KIT CONTIENE:;105538;302,00;"785200; 105536; 105538; 105531; 105547; 785106; 7851061; 785105; 7851051";Accessori per automazioni
227;XS Costa di sicurezza;;105531;320,00;"785200; 105536; 105538; 105531; 105547; 785106; 7851061; 785105; 7851051";Accessori per automazioni
227;XS Costa di sicurezza;;105547;512,00;"785200; 105536; 105538; 105531; 105547; 785106; 7851061; 785105; 7851051";Accessori per automazioni
227;XS Costa di sicurezza;XP 30B;785106;109,00;"785200; 105536; 105538; 105531; 105547; 785106; 7851061; 785105; 7851051";Accessori per automazioni
227;XS Costa di sicurezza;XP 30B INOX;7851061;166,00;"785200; 105536; 105538; 105531; 105547; 785106; 7851061; 785105; 7851051";Accessori per automazioni
227;XS Costa di sicurezza;XP 30;785105;104,00;"785200; 105536; 105538; 105531; 105547; 785106; 7851061; 785105; 7851051";Accessori per automazioni
227;XS Costa di sicurezza;XP 30 INOX;7851051;162,00;"785200; 105536; 105538; 105531; 105547; 785106; 7851061; 785105; 7851051";Accessori per automazioni
234;Sensori Laser;M60;736425;119,00;"736425; 736426; 736427; 736428; 736429";Accessori per automazioni
234;Sensori Laser;;736426;124,00;"736425; 736426; 736427; 736428; 736429";Accessori per automazioni
234;Sensori Laser;;736427;128,00;"736425; 736426; 736427; 736428; 736429";Accessori per automazioni
234;Sensori Laser;;736428;138,00;"736425; 736426; 736427; 736428; 736429";Accessori per automazioni
234;Sensori Laser;;736429;155,00;"736425; 736426; 736427; 736428; 736429";Accessori per automazioni
235;M60 Costa elettromeccanica;M60;736425;119,00;"736425; 736426; 736427; 736428; 736429";Accessori per automazioni
235;M60 Costa elettromeccanica;;736426;124,00;"736425; 736426; 736427; 736428; 736429";Accessori per automazioni
235;M60 Costa elettromeccanica;;736427;128,00;"736425; 736426; 736427; 736428; 736429";Accessori per automazioni
235;M60 Costa elettromeccanica;;736428;138,00;"736425; 736426; 736427; 736428; 736429";Accessori per automazioni
235;M60 Costa elettromeccanica;;736429;155,00;"736425; 736426; 736427; 736428; 736429";Accessori per automazioni
238;Accessori e materiali di consumo;"Olio idraulico &quot;FAAC HP OIL&quot;";714017;35,00;"714017; 714041; 401026; 712650; 712990; dal 712651001; dal 712652001";Accessori per automazioni
238;Accessori e materiali di consumo;;714041;234,00;"714017; 714041; 401026; 712650; 712990; dal 712651001; dal 712652001";Accessori per automazioni
238;Accessori e materiali di consumo;BLOCKIT;401026;61,00;"714017; 714041; 401026; 712650; 712990; dal 712651001; dal 712652001";Accessori per automazioni
238;Accessori e materiali di consumo;Elettroserratura 12V~ completa di controbocchetta a pavimento;712650;124,00;"714017; 714041; 401026; 712650; 712990; dal 712651001; dal 712652001";Accessori per automazioni
238;Accessori e materiali di consumo;"Controbocchetta a pilastro (cancelli ad un&apos;anta)";712990;16,50;"714017; 714041; 401026; 712650; 712990; dal 712651001; dal 712652001";Accessori per automazioni
238;Accessori e materiali di consumo;Cilindro interno con n° 2 chiavi;dal 712651001;35,00;"714017; 714041; 401026; 712650; 712990; dal 712651001; dal 712652001";Accessori per automazioni
238;Accessori e materiali di consumo;Cilindro esterno con n° 2 chiavi;dal 712652001;35,00;"714017; 714041; 401026; 712650; 712990; dal 712651001; dal 712652001";Accessori per automazioni
240;RL200;RL200 REVERSIBILE;109950;235,00;"109950; 109951";Automazioni per serrande avvolgibili
240;RL200;RL200 EF;109951;291,00;"109950; 109951";Automazioni per serrande avvolgibili
242;RH200B;RH200B REVERSIBILE;109960;369,00;"109960; 109961";Automazioni per serrande avvolgibili
242;RH200B;RH200B EF;109961;422,00;"109960; 109961";Automazioni per serrande avvolgibili
244;RH240;RH240 EF;109971;401,00;109971;Automazioni per serrande avvolgibili
