page;nome_prodotto;note_prodotto
072;S418;Per ulteriori configurazioni consultare il manuale di istruzioni
074;412;Per ulteriori configurazioni consultare il manuale di istruzioni
076;413 230V;Per ulteriori configurazioni consultare il manuale di istruzioni
078;415 230V;Per ulteriori configurazioni consultare il manuale di istruzioni
080;415 24V;Per ulteriori configurazioni consultare il manuale di istruzioni
082;390 230V;Per ulteriori configurazioni consultare il manuale di istruzioni
084;392 C;Per ulteriori configurazioni consultare il manuale di istruzioni
084;392 C;Il peso dell’anta è in funzione della larghezza. Verificare attraverso il grafico A che la propria anta rientri nella zona evidenziata sul grafico.
086;402;Per ulteriori configurazioni consultare il manuale di istruzioni
088;422;Per ulteriori configurazioni consultare il manuale di istruzioni
090;400;Per ulteriori configurazioni consultare il manuale di istruzioni
092;S450H;Per ulteriori configurazioni consultare il manuale di istruzioni
110;C720;Per ulteriori configurazioni consultare il manuale di istruzioni
112;C721;Per ulteriori configurazioni consultare il manuale di istruzioni
114;740;Per ulteriori configurazioni consultare il manuale di istruzioni
116;740 C;Per ulteriori configurazioni consultare il manuale di istruzioni
118;741;Per ulteriori configurazioni consultare il manuale di istruzioni
120;741 C;Per ulteriori configurazioni consultare il manuale di istruzioni
122;746 C;Per ulteriori configurazioni consultare il manuale di istruzioni
124;844 C;Per ulteriori configurazioni consultare il manuale di istruzioni
126;844 3PH;Per ulteriori configurazioni consultare il manuale di istruzioni
128;884 MC 3PH;Per ulteriori configurazioni consultare il manuale di istruzioni
130;C851;Per ulteriori configurazioni consultare il manuale di istruzioni
