page;product_name;schema_installazione
263;390 230V;"1|2|104570;1|2|738705;2|1|410029;3|1|401304;3|1|71275101;4|1|790077;4|1|720119;4|1|787831;5|1|785103;5|1|787007;1|1|104583;1|1|104584;1|1|787831;2|1|410029;3|1|401304;3|1|71275101;4|1|785103;4|1|787007"
263;392 C;"1|1|104583;1|1|104584;1|1|787831;2|1|410029;3|1|401304;3|1|71275101;4|1|785103;4|1|787007;1|2|104570;1|2|738705;2|1|410029;3|1|401304;3|1|71275101;4|1|790077;4|1|720119;4|1|787831;5|1|785103;5|1|787007"
264;412;"1|1|104470;1|1|104471;2|1|410029;3|1|401304;3|1|71275101;4|1|790077;4|1|720119;4|1|787831;5|1|785103;5|1|787007;1|2|1044151;2|1|410029;3|1|401304;3|1|71275101;4|1|790286;4|1|787831;5|1|785103;5|1|787007;1|2|104415;2|1|410029;3|1|401304;3|1|71275101;4|1|790077;4|1|720119;4|1|787831;5|1|785103;5|1|787007;1|2|104413;2|1|410029;3|1|401304;3|1|71275101;4|1|790077;4|1|720119;4|1|787831;5|1|785103;5|1|787007"
264;413 230V;"1|2|104415;2|1|410029;3|1|401304;3|1|71275101;4|1|790077;4|1|720119;4|1|787831;5|1|785103;5|1|787007;1|1|104470;1|1|104471;2|1|410029;3|1|401304;3|1|71275101;4|1|790077;4|1|720119;4|1|787831;5|1|785103;5|1|787007;1|2|1044151;2|1|410029;3|1|401304;3|1|71275101;4|1|790286;4|1|787831;5|1|785103;5|1|787007;1|2|104413;2|1|410029;3|1|401304;3|1|71275101;4|1|790077;4|1|720119;4|1|787831;5|1|785103;5|1|787007"
265;415 230V;"1|1|104470;1|1|104471;2|1|410029;3|1|401304;3|1|71275101;4|1|790077;4|1|720119;4|1|787831;5|1|785103;5|1|787007;1|2|104413;2|1|410029;3|1|401304;3|1|71275101;4|1|790077;4|1|720119;4|1|787831;5|1|785103;5|1|787007;1|2|1044151;2|1|410029;3|1|401304;3|1|71275101;4|1|790286;4|1|787831;5|1|785103;5|1|787007;1|2|104415;2|1|410029;3|1|401304;3|1|71275101;4|1|790077;4|1|720119;4|1|787831;5|1|785103;5|1|787007"
265;415 24V;"1|2|1044151;2|1|410029;3|1|401304;3|1|71275101;4|1|790286;4|1|787831;5|1|785103;5|1|787007;1|1|104470;1|1|104471;2|1|410029;3|1|401304;3|1|71275101;4|1|790077;4|1|720119;4|1|787831;5|1|785103;5|1|787007;1|2|104413;2|1|410029;3|1|401304;3|1|71275101;4|1|790077;4|1|720119;4|1|787831;5|1|785103;5|1|787007;1|2|104415;2|1|410029;3|1|401304;3|1|71275101;4|1|790077;4|1|720119;4|1|787831;5|1|785103;5|1|787007"
266;402;"1|2|104100;2|1|410029;3|1|401304;3|1|71275101;4|1|790305;4|1|787831;5|1|785103;5|1|787007;1|2|104301;2|1|410029;3|1|401304;3|1|71275101;4|1|102011;4|1|787831;5|1|785103;5|1|787007;1|2|104468;2|1|410029;3|1|401304;3|1|71275101;4|1|790077;4|1|720119;4|1|787831;5|1|785103;5|1|787007;1|2|104200;2|1|410029;3|1|401304;3|1|71275101;4|1|790077;4|1|720119;4|1|787831;5|1|785103;5|1|787007"
266;S418;"1|2|104100;2|1|410029;3|1|401304;3|1|71275101;4|1|790305;4|1|787831;5|1|785103;5|1|787007;1|2|104468;2|1|410029;3|1|401304;3|1|71275101;4|1|790077;4|1|720119;4|1|787831;5|1|785103;5|1|787007;1|2|104200;2|1|410029;3|1|401304;3|1|71275101;4|1|790077;4|1|720119;4|1|787831;5|1|785103;5|1|787007;1|2|104301;2|1|410029;3|1|401304;3|1|71275101;4|1|102011;4|1|787831;5|1|785103;5|1|787007"
267;422;"1|2|104468;2|1|410029;3|1|401304;3|1|71275101;4|1|790077;4|1|720119;4|1|787831;5|1|785103;5|1|787007;1|2|104100;2|1|410029;3|1|401304;3|1|71275101;4|1|790305;4|1|787831;5|1|785103;5|1|787007;1|2|104200;2|1|410029;3|1|401304;3|1|71275101;4|1|790077;4|1|720119;4|1|787831;5|1|785103;5|1|787007;1|2|104301;2|1|410029;3|1|401304;3|1|71275101;4|1|102011;4|1|787831;5|1|785103;5|1|787007"
267;S450H;"1|2|104301;2|1|410029;3|1|401304;3|1|71275101;4|1|102011;4|1|787831;5|1|785103;5|1|787007;1|2|104468;2|1|410029;3|1|401304;3|1|71275101;4|1|790077;4|1|720119;4|1|787831;5|1|785103;5|1|787007;1|2|104200;2|1|410029;3|1|401304;3|1|71275101;4|1|790077;4|1|720119;4|1|787831;5|1|785103;5|1|787007;1|2|104100;2|1|410029;3|1|401304;3|1|71275101;4|1|790305;4|1|787831;5|1|785103;5|1|787007"
268;400;"1|2|108720;1|2|490112;1|2|390035;1|2|390972;2|1|410029;3|1|401304;3|1|71275101;4|1|790305;4|1|787831;5|2|785103;5|2|401070;5|2|737100;5|1|787007;1|2|104203;2|1|410029;3|1|401304;3|1|71275101;4|1|790077;4|1|720119;4|1|787831;5|2|785103;5|2|401070;5|2|737100;6|1|712650;6|1|712651001;6|1|712652001;6|1|787007;1|2|10675301;1|2|490065;2|1|410029;3|1|401304;3|1|71275101;4|1|102011;4|1|787831;5|2|785103;5|2|401070;5|2|737100;5|1|787007;1|2|10675201;1|2|490065;2|1|410029;3|1|401304;3|1|71275101;4|1|790077;4|1|720119;4|1|787831;5|2|785103;5|2|401070;5|2|737100;5|1|787007"
268;770N 230V;"1|2|10675301;1|2|490065;2|1|410029;3|1|401304;3|1|71275101;4|1|102011;4|1|787831;5|2|785103;5|2|401070;5|2|737100;5|1|787007;1|2|104203;2|1|410029;3|1|401304;3|1|71275101;4|1|790077;4|1|720119;4|1|787831;5|2|785103;5|2|401070;5|2|737100;6|1|712650;6|1|712651001;6|1|712652001;6|1|787007;1|2|10675201;1|2|490065;2|1|410029;3|1|401304;3|1|71275101;4|1|790077;4|1|720119;4|1|787831;5|2|785103;5|2|401070;5|2|737100;5|1|787007;1|2|108720;1|2|490112;1|2|390035;1|2|390972;2|1|410029;3|1|401304;3|1|71275101;4|1|790305;4|1|787831;5|2|785103;5|2|401070;5|2|737100;5|1|787007"
269;770N 24V;"1|2|10675301;1|2|490065;2|1|410029;3|1|401304;3|1|71275101;4|1|102011;4|1|787831;5|2|785103;5|2|401070;5|2|737100;5|1|787007;1|2|108720;1|2|490112;1|2|390035;1|2|390972;2|1|410029;3|1|401304;3|1|71275101;4|1|790305;4|1|787831;5|2|785103;5|2|401070;5|2|737100;5|1|787007;1|2|104203;2|1|410029;3|1|401304;3|1|71275101;4|1|790077;4|1|720119;4|1|787831;5|2|785103;5|2|401070;5|2|737100;6|1|712650;6|1|712651001;6|1|712652001;6|1|787007;1|2|10675201;1|2|490065;2|1|410029;3|1|401304;3|1|71275101;4|1|790077;4|1|720119;4|1|787831;5|2|785103;5|2|401070;5|2|737100;5|1|787007"
269;S800H ENC;"1|2|10675201;1|2|490065;2|1|410029;3|1|401304;3|1|71275101;4|1|790077;4|1|720119;4|1|787831;5|2|785103;5|2|401070;5|2|737100;5|1|787007;1|2|108720;1|2|490112;1|2|390035;1|2|390972;2|1|410029;3|1|401304;3|1|71275101;4|1|790305;4|1|787831;5|2|785103;5|2|401070;5|2|737100;5|1|787007;1|2|10675301;1|2|490065;2|1|410029;3|1|401304;3|1|71275101;4|1|102011;4|1|787831;5|2|785103;5|2|401070;5|2|737100;5|1|787007;1|2|104203;2|1|410029;3|1|401304;3|1|71275101;4|1|790077;4|1|720119;4|1|787831;5|2|785103;5|2|401070;5|2|737100;6|1|712650;6|1|712651001;6|1|712652001;6|1|787007"
270;740;"1|2|108800;1|2|490112;1|2|390035;1|2|390972;2|1|410029;3|1|401304;3|1|71275101;4|1|790077;4|1|720119;4|1|787831;5|2|785103;5|2|401070;5|2|737100;5|1|787007;1|1|109602;1|1|490123;1|1|787852;2|1|410029;3|1|401302;3|1|71275101;4|1|785102;4|1|787007;1|1|109600;1|1|490123;1|1|787852;2|1|410029;3|1|401302;3|1|71275101;4|1|785102;4|1|787007;1|1|1097805;1|4|490123;1|1|787852;2|1|410029;3|1|401302;3|1|71275101;4|1|785102;4|1|787007"
270;S800 ENC;"1|1|1097805;1|4|490123;1|1|787852;2|1|410029;3|1|401302;3|1|71275101;4|1|785102;4|1|787007;1|1|109600;1|1|490123;1|1|787852;2|1|410029;3|1|401302;3|1|71275101;4|1|785102;4|1|787007;1|1|109602;1|1|490123;1|1|787852;2|1|410029;3|1|401302;3|1|71275101;4|1|785102;4|1|787007;1|2|108800;1|2|490112;1|2|390035;1|2|390972;2|1|410029;3|1|401304;3|1|71275101;4|1|790077;4|1|720119;4|1|787831;5|2|785103;5|2|401070;5|2|737100;5|1|787007"
271;740 C;"1|1|1097805;1|4|490123;1|1|787852;2|1|410029;3|1|401302;3|1|71275101;4|1|785102;4|1|787007;1|2|108800;1|2|490112;1|2|390035;1|2|390972;2|1|410029;3|1|401304;3|1|71275101;4|1|790077;4|1|720119;4|1|787831;5|2|785103;5|2|401070;5|2|737100;5|1|787007;1|1|109600;1|1|490123;1|1|787852;2|1|410029;3|1|401302;3|1|71275101;4|1|785102;4|1|787007;1|1|109602;1|1|490123;1|1|787852;2|1|410029;3|1|401302;3|1|71275101;4|1|785102;4|1|787007"
271;741 C;"1|1|1097805;1|4|490123;1|1|787852;2|1|410029;3|1|401302;3|1|71275101;4|1|785102;4|1|787007;1|1|109600;1|1|490123;1|1|787852;2|1|410029;3|1|401302;3|1|71275101;4|1|785102;4|1|787007;1|2|108800;1|2|490112;1|2|390035;1|2|390972;2|1|410029;3|1|401304;3|1|71275101;4|1|790077;4|1|720119;4|1|787831;5|2|785103;5|2|401070;5|2|737100;5|1|787007;1|1|109602;1|1|490123;1|1|787852;2|1|410029;3|1|401302;3|1|71275101;4|1|785102;4|1|787007"
272;741;"1|1|109320;1|4|490333;1|1|787831;2|1|410029;3|1|401304;3|1|71275101;4|1|785103;4|1|787007;1|1|109001;1|4|490333;1|1|787831;2|1|410029;3|1|401304;3|1|71275101;4|1|785103;4|1|787007;4|2|104250;3|2|490250;3|2|416250;3|1|401304;3|1|71275101;4|1|102011;4|1|787831;5|1|785103;5|1|787007;1|1|1097815;1|4|490123;1|1|787852;2|1|410029;3|1|401302;3|1|71275101;4|1|785102;4|1|787007"
272;C720;"1|1|109320;1|4|490333;1|1|787831;2|1|410029;3|1|401304;3|1|71275101;4|1|785103;4|1|787007;1|1|1097815;1|4|490123;1|1|787852;2|1|410029;3|1|401302;3|1|71275101;4|1|785102;4|1|787007;1|1|109001;1|4|490333;1|1|787831;2|1|410029;3|1|401304;3|1|71275101;4|1|785103;4|1|787007;4|2|104250;3|2|490250;3|2|416250;3|1|401304;3|1|71275101;4|1|102011;4|1|787831;5|1|785103;5|1|787007"
273;C4000I;"1|1|109320;1|4|490333;1|1|787831;2|1|410029;3|1|401304;3|1|71275101;4|1|785103;4|1|787007;1|1|1097815;1|4|490123;1|1|787852;2|1|410029;3|1|401302;3|1|71275101;4|1|785102;4|1|787007;1|1|109001;1|4|490333;1|1|787831;2|1|410029;3|1|401304;3|1|71275101;4|1|785103;4|1|787007;4|2|104250;3|2|490250;3|2|416250;3|1|401304;3|1|71275101;4|1|102011;4|1|787831;5|1|785103;5|1|787007"
273;S2500I;"1|1|1097815;1|4|490123;1|1|787852;2|1|410029;3|1|401302;3|1|71275101;4|1|785102;4|1|787007;4|2|104250;3|2|490250;3|2|416250;3|1|401304;3|1|71275101;4|1|102011;4|1|787831;5|1|785103;5|1|787007;1|1|109320;1|4|490333;1|1|787831;2|1|410029;3|1|401304;3|1|71275101;4|1|785103;4|1|787007;1|1|109001;1|4|490333;1|1|787831;2|1|410029;3|1|401304;3|1|71275101;4|1|785103;4|1|787007"
274;746 C;"1|1|109925;1|1|737816;1|4|490122;1|1|787831;2|1|410029;3|1|401304;3|1|71275101;5|2|401070;5|2|737100;5|2|785106;5|2|401065;5|1|787007;1|1|109928;1|1|737816;1|1|7191661;1|4|490122;2|1|410029;3|1|401302;3|1|71275101;4|2|785105;4|2|401070;5|2|737100;5|2|401065;6|1|202073;6|1|720118;6|1|787852;6|1|787007;1|1|109321;1|4|490123;1|1|787831;2|1|410029;3|1|401304;3|1|71275101;4|1|785103;4|1|787007;1|1|109745;1|1|737816;1|4|490122;1|1|787831;2|1|410029;3|1|401304;3|1|71275101;5|2|401070;5|2|737100;5|2|785106;5|1|787007"
274;C721;"1|1|109925;1|1|737816;1|4|490122;1|1|787831;2|1|410029;3|1|401304;3|1|71275101;5|2|401070;5|2|737100;5|2|785106;5|2|401065;5|1|787007;1|1|109321;1|4|490123;1|1|787831;2|1|410029;3|1|401304;3|1|71275101;4|1|785103;4|1|787007;1|1|109745;1|1|737816;1|4|490122;1|1|787831;2|1|410029;3|1|401304;3|1|71275101;5|2|401070;5|2|737100;5|2|785106;5|1|787007;1|1|109928;1|1|737816;1|1|7191661;1|4|490122;2|1|410029;3|1|401302;3|1|71275101;4|2|785105;4|2|401070;5|2|737100;5|2|401065;6|1|202073;6|1|720118;6|1|787852;6|1|787007"
275;844 C;"1|1|109925;1|1|737816;1|4|490122;1|1|787831;2|1|410029;3|1|401304;3|1|71275101;5|2|401070;5|2|737100;5|2|785106;5|2|401065;5|1|787007;1|1|109321;1|4|490123;1|1|787831;2|1|410029;3|1|401304;3|1|71275101;4|1|785103;4|1|787007;1|1|109928;1|1|737816;1|1|7191661;1|4|490122;2|1|410029;3|1|401302;3|1|71275101;4|2|785105;4|2|401070;5|2|737100;5|2|401065;6|1|202073;6|1|720118;6|1|787852;6|1|787007;1|1|109745;1|1|737816;1|4|490122;1|1|787831;2|1|410029;3|1|401304;3|1|71275101;5|2|401070;5|2|737100;5|2|785106;5|1|787007"
275;844 C 3PH;"1|1|109925;1|1|737816;1|4|490122;1|1|787831;2|1|410029;3|1|401304;3|1|71275101;5|2|401070;5|2|737100;5|2|785106;5|2|401065;5|1|787007;1|1|109321;1|4|490123;1|1|787831;2|1|410029;3|1|401304;3|1|71275101;4|1|785103;4|1|787007;1|1|109928;1|1|737816;1|1|7191661;1|4|490122;2|1|410029;3|1|401302;3|1|71275101;4|2|785105;4|2|401070;5|2|737100;5|2|401065;6|1|202073;6|1|720118;6|1|787852;6|1|787007;1|1|109745;1|1|737816;1|4|490122;1|1|787831;2|1|410029;3|1|401304;3|1|71275101;5|2|401070;5|2|737100;5|2|785106;5|1|787007"
276;884 MC 3PH;"1|1|110602;1|1|390120;1|1|787831;1|1|390488;1|1|787007;1|1|109903;1|1|737850;1|4|490122;1|1|787852;2|1|410029;3|1|401302;3|1|71275101;4|2|785105;4|2|401065;5|2|401070;5|2|737100;5|1|787007;1|1|110600;1|1|390120;1|1|787831;1|1|390488;1|1|787007;1|1|109885;1|1|737628;1|1|719169;1|4|719328;1|4|722123;1|1|787852;2|1|410029;3|1|401302;3|1|71275101;5|2|401070;5|2|737100;5|2|785105;5|2|401065;5|1|787007"
276;C851;"1|1|110600;1|1|390120;1|1|787831;1|1|390488;1|1|787007;1|1|109903;1|1|737850;1|4|490122;1|1|787852;2|1|410029;3|1|401302;3|1|71275101;4|2|785105;4|2|401065;5|2|401070;5|2|737100;5|1|787007;1|1|110602;1|1|390120;1|1|787831;1|1|390488;1|1|787007;1|1|109885;1|1|737628;1|1|719169;1|4|719328;1|4|722123;1|1|787852;2|1|410029;3|1|401302;3|1|71275101;5|2|401070;5|2|737100;5|2|785105;5|2|401065;5|1|787007"
277;D600;"1|1|110602;1|1|390120;1|1|787831;1|1|390488;1|1|787007;1|1|109903;1|1|737850;1|4|490122;1|1|787852;2|1|410029;3|1|401302;3|1|71275101;4|2|785105;4|2|401065;5|2|401070;5|2|737100;5|1|787007;1|1|110600;1|1|390120;1|1|787831;1|1|390488;1|1|787007;1|1|109885;1|1|737628;1|1|719169;1|4|719328;1|4|722123;1|1|787852;2|1|410029;3|1|401302;3|1|71275101;5|2|401070;5|2|737100;5|2|785105;5|2|401065;5|1|787007"
277;D700 HS;"1|1|110600;1|1|390120;1|1|787831;1|1|390488;1|1|787007;1|1|109903;1|1|737850;1|4|490122;1|1|787852;2|1|410029;3|1|401302;3|1|71275101;4|2|785105;4|2|401065;5|2|401070;5|2|737100;5|1|787007;1|1|110602;1|1|390120;1|1|787831;1|1|390488;1|1|787007;1|1|109885;1|1|737628;1|1|719169;1|4|719328;1|4|722123;1|1|787852;2|1|410029;3|1|401302;3|1|71275101;5|2|401070;5|2|737100;5|2|785105;5|2|401065;5|1|787007"
278;540;"1|1|110601;1|1|390120;1|1|787831;1|1|390488;1|1|787007;1|1|109550;2|1|402502;2|1|787852;3|1|410029;4|1|785105;4|1|787007;1|1|109512;1|1|787852;2|1|785102;2|1|787007;1|1|109542;2|1|790922;2|1|720119;3|1|410029;2|1|787852;4|1|785105;4|1|787007"
278;D1000;"1|1|109542;2|1|790922;2|1|720119;3|1|410029;2|1|787852;4|1|785105;4|1|787007;1|1|109550;2|1|402502;2|1|787852;3|1|410029;4|1|785105;4|1|787007;1|1|109512;1|1|787852;2|1|785102;2|1|787007;1|1|110601;1|1|390120;1|1|787831;1|1|390488;1|1|787007"
279;541;"1|1|110601;1|1|390120;1|1|787831;1|1|390488;1|1|787007;1|1|109512;1|1|787852;2|1|785102;2|1|787007;1|1|109550;2|1|402502;2|1|787852;3|1|410029;4|1|785105;4|1|787007;1|1|109542;2|1|790922;2|1|720119;3|1|410029;2|1|787852;4|1|785105;4|1|787007"
279;541 3PH;"1|1|110601;1|1|390120;1|1|787831;1|1|390488;1|1|787007;1|1|109550;2|1|402502;2|1|787852;3|1|410029;4|1|785105;4|1|787007;1|1|109542;2|1|790922;2|1|720119;3|1|410029;2|1|787852;4|1|785105;4|1|787007;1|1|109512;1|1|787852;2|1|785102;2|1|787007"
280;550;"1|1|110549;1|1|722136;2|1|390564;3|1|736022;4|1|424550001;4|1|787852;4|1|787007;1|1|104680;1|1|416016;1|1|490139;1|1|428437;1|1|787852;2|1|428616;2|1|428048;2|1|428051;2|3|490117;2|1|390992;2|1|390993;4|1|410033;5|1|401304;5|1|71275101;6|1|785103;6|1|401070;6|1|737100;3|1|410029;3|1|428806;3|1|737621;3|1|787007;1|1|104501;1|1|722299;2|1|790077;2|1|787831;2|1|720119;3|1|401304;3|1|71275101;3|1|390432;3|1|390434;3|1|424560001;3|1|787007;1|1|110597;1|1|722291;1|1|424560001;4|1|790077;2|1|720119;2|1|787831;2|1|390564;2|1|736023;2|1|787007"
280;593;"1|1|110549;1|1|722136;2|1|390564;3|1|736022;4|1|424550001;4|1|787852;4|1|787007;1|1|104501;1|1|722299;2|1|790077;2|1|787831;2|1|720119;3|1|401304;3|1|71275101;3|1|390432;3|1|390434;3|1|424560001;3|1|787007;1|1|110597;1|1|722291;1|1|424560001;4|1|790077;2|1|720119;2|1|787831;2|1|390564;2|1|736023;2|1|787007;1|1|104680;1|1|416016;1|1|490139;1|1|428437;1|1|787852;2|1|428616;2|1|428048;2|1|428051;2|3|490117;2|1|390992;2|1|390993;4|1|410033;5|1|401304;5|1|71275101;6|1|785103;6|1|401070;6|1|737100;3|1|410029;3|1|428806;3|1|737621;3|1|787007"
281;580;"1|1|104501;1|1|722299;2|1|790077;2|1|787831;2|1|720119;3|1|401304;3|1|71275101;3|1|390432;3|1|390434;3|1|424560001;3|1|787007;1|1|110597;1|1|722291;1|1|424560001;4|1|790077;2|1|720119;2|1|787831;2|1|390564;2|1|736023;2|1|787007;1|1|110549;1|1|722136;2|1|390564;3|1|736022;4|1|424550001;4|1|787852;4|1|787007;1|1|104680;1|1|416016;1|1|490139;1|1|428437;1|1|787852;2|1|428616;2|1|428048;2|1|428051;2|3|490117;2|1|390992;2|1|390993;4|1|410033;5|1|401304;5|1|71275101;6|1|785103;6|1|401070;6|1|737100;3|1|410029;3|1|428806;3|1|737621;3|1|787007"
281;B680H;"1|1|104501;1|1|722299;2|1|790077;2|1|787831;2|1|720119;3|1|401304;3|1|71275101;3|1|390432;3|1|390434;3|1|424560001;3|1|787007;1|1|104680;1|1|416016;1|1|490139;1|1|428437;1|1|787852;2|1|428616;2|1|428048;2|1|428051;2|3|490117;2|1|390992;2|1|390993;4|1|410033;5|1|401304;5|1|71275101;6|1|785103;6|1|401070;6|1|737100;3|1|410029;3|1|428806;3|1|737621;3|1|787007;1|1|110597;1|1|722291;1|1|424560001;4|1|790077;2|1|720119;2|1|787831;2|1|390564;2|1|736023;2|1|787007;1|1|110549;1|1|722136;2|1|390564;3|1|736022;4|1|424550001;4|1|787852;4|1|787007"
282;615BPR;"1|1|104614;1|1|490183;1|1|721209;1|1|787831;2|1|428342;2|1|428090;3|1|410029;4|1|401304;4|1|71275101;5|1|785106;5|2|401065;5|2|401070;5|2|737100;6|1|410032;6|1|787007;1|1|1046228;1|1|490058;1|1|787852;2|1|428342;2|1|428091;3|1|410029;4|1|401302;4|1|71275101;5|1|785105;5|2|401065;5|2|401070;5|2|737100;5|1|787007;1|1|104906;1|1|490073;1|1|721018;1|1|787852;2|1|428342;2|1|428091;3|1|410029;4|1|401302;5|1|785105;4|1|71275101;5|2|401065;5|2|401070;5|2|737100;5|1|787007;1|1|1046358;1|1|490058;1|1|787852;2|1|428342;2|1|428090;3|1|410029;4|1|401302;4|1|71275101;4|1|720086;5|1|785105;5|2|401065;5|2|401070;5|2|737100;5|1|787007"
282;B614;"1|1|1046358;1|1|490058;1|1|787852;2|1|428342;2|1|428090;3|1|410029;4|1|401302;4|1|71275101;4|1|720086;5|1|785105;5|2|401065;5|2|401070;5|2|737100;5|1|787007;1|1|104614;1|1|490183;1|1|721209;1|1|787831;2|1|428342;2|1|428090;3|1|410029;4|1|401304;4|1|71275101;5|1|785106;5|2|401065;5|2|401070;5|2|737100;6|1|410032;6|1|787007;1|1|1046228;1|1|490058;1|1|787852;2|1|428342;2|1|428091;3|1|410029;4|1|401302;4|1|71275101;5|1|785105;5|2|401065;5|2|401070;5|2|737100;5|1|787007;1|1|104906;1|1|490073;1|1|721018;1|1|787852;2|1|428342;2|1|428091;3|1|410029;4|1|401302;5|1|785105;4|1|71275101;5|2|401065;5|2|401070;5|2|737100;5|1|787007"
283;620 Rapida;"1|1|1046228;1|1|490058;1|1|787852;2|1|428342;2|1|428091;3|1|410029;4|1|401302;4|1|71275101;5|1|785105;5|2|401065;5|2|401070;5|2|737100;5|1|787007;1|1|104906;1|1|490073;1|1|721018;1|1|787852;2|1|428342;2|1|428091;3|1|410029;4|1|401302;5|1|785105;4|1|71275101;5|2|401065;5|2|401070;5|2|737100;5|1|787007;1|1|104614;1|1|490183;1|1|721209;1|1|787831;2|1|428342;2|1|428090;3|1|410029;4|1|401304;4|1|71275101;5|1|785106;5|2|401065;5|2|401070;5|2|737100;6|1|410032;6|1|787007;1|1|1046358;1|1|490058;1|1|787852;2|1|428342;2|1|428090;3|1|410029;4|1|401302;4|1|71275101;4|1|720086;5|1|785105;5|2|401065;5|2|401070;5|2|737100;5|1|787007"
283;620 Standard;"1|1|104614;1|1|490183;1|1|721209;1|1|787831;2|1|428342;2|1|428090;3|1|410029;4|1|401304;4|1|71275101;5|1|785106;5|2|401065;5|2|401070;5|2|737100;6|1|410032;6|1|787007;1|1|1046228;1|1|490058;1|1|787852;2|1|428342;2|1|428091;3|1|410029;4|1|401302;4|1|71275101;5|1|785105;5|2|401065;5|2|401070;5|2|737100;5|1|787007;1|1|104906;1|1|490073;1|1|721018;1|1|787852;2|1|428342;2|1|428091;3|1|410029;4|1|401302;5|1|785105;4|1|71275101;5|2|401065;5|2|401070;5|2|737100;5|1|787007;1|1|1046358;1|1|490058;1|1|787852;2|1|428342;2|1|428090;3|1|410029;4|1|401302;4|1|71275101;4|1|720086;5|1|785105;5|2|401065;5|2|401070;5|2|737100;5|1|787007"
284;RH200B;"1|1|109960;1|1|391450;2|1|391456;3|1|720119;3|1|790905;1|1|109981;2|1|391456;3|1|790905;3|1|720119;1|1|109971;2|1|391456;3|1|790905;3|1|720119;1|1|109950;1|1|391450;2|1|391456;3|1|720119;3|1|790905"
284;RL200;"1|1|109950;1|1|391450;2|1|391456;3|1|720119;3|1|790905;1|1|109981;2|1|391456;3|1|790905;3|1|720119;1|1|109960;1|1|391450;2|1|391456;3|1|720119;3|1|790905;1|1|109971;2|1|391456;3|1|790905;3|1|720119"
285;RH240;"1|1|109971;2|1|391456;3|1|790905;3|1|720119;1|1|109981;2|1|391456;3|1|790905;3|1|720119;1|1|109960;1|1|391450;2|1|391456;3|1|720119;3|1|790905;1|1|109950;1|1|391450;2|1|391456;3|1|720119;3|1|790905"
285;RH240B;"1|1|109950;1|1|391450;2|1|391456;3|1|720119;3|1|790905;1|1|109981;2|1|391456;3|1|790905;3|1|720119;1|1|109960;1|1|391450;2|1|391456;3|1|720119;3|1|790905;1|1|109971;2|1|391456;3|1|790905;3|1|720119"
