codice_sku,num_variants,variant_num,tipo_componente,nome_modello,descrizione_breve,tensione_alimentazione,potenza_massima
391456,6,1,Accessori,XK30,XK30 selettore a chiave con leva di sblocco,,
391456,6,2,accessorio,,XK30 Selettore a chiave con sblocco a leva,,
391456,6,3,accessorio,,Kit sblocco esterno  per S2500I,,
391456,6,4,Modello,XK30,,,
391456,6,5,accessorio,,,,
391456,6,6,accessorio,,XK30 Selettore a chiave con leva di sblocco,,
202073,5,1,Apparecchiature Elettroniche,,Scheda elettronica E844 3PH (incorporata nell'automatismo),,
202073,5,2,accessorio,,Contenitore mod. L per schede elettroniche,,
202073,5,3,accessorio,,Piastra di fondazione,,
202073,5,4,accessorio,,,,
202073,5,5,accessorio,,Scheda elettronica E844 3PH,,
787023,5,1,Modello,XR2N 433-868,Sistema 433-868MHz FDS,12 ÷ 24 V~ - 12 ÷ 24 V~,
787023,5,2,Modello,XR2N 433-868,Sistema 433-868MHz FDS BD,12 ÷ 24 V~ - 12 ÷ 24 V~,
787023,5,3,accessorio,,XR2N FDS 433-868 MHz,,
787023,5,4,Modello,XR2N 433-868,Trasmittente 2 canali,12 ÷ 24 V~ - 12 ÷ 24 V~,
787023,5,5,Modello,XR2N 433-868,Trasmittente 4 canali (quantità multipla vendibile 12 pz.),12 ÷ 24 V~ - 12 ÷ 24 V~,
787024,5,1,Modello,XR4N 433-868,Sistema 433-868MHz FDS,12 ÷ 24 V~ - 12 ÷ 24 V~,
787024,5,2,Modello,XR4N 433-868,Sistema 433-868MHz FDS BD,12 ÷ 24 V~ - 12 ÷ 24 V~,
787024,5,3,accessorio,,XR4N FDS 433-868 MHz,,
787024,5,4,Modello,XR4N 433-868,Trasmittente 2 canali,12 ÷ 24 V~ - 12 ÷ 24 V~,
787024,5,5,Modello,XR4N 433-868,Trasmittente 4 canali (quantità multipla vendibile 12 pz.),12 ÷ 24 V~ - 12 ÷ 24 V~,
790062,5,1,Accessori,,"Interfaccia BUS XIB (per scheda E045, E045S, E024S o E034 con fotocellula no BUS)",,
790062,5,2,accessorio,,"per scheda E045, E045S, E024S o E034 con fotocellula no BUS)",,
790062,5,3,accessorio,,per scheda E045 o E045S con fotocellula no BUS),,
790062,5,4,accessorio,,per scheda E045 o E045S o E024S con fotocellula no BUS),,
790062,5,5,accessorio,,,,
790077,5,1,Apparecchiature Elettroniche,E045S,Scheda elettronica E045S,,
790077,5,2,accessorio,,Per maggiori informazioni,,
790077,5,3,accessorio,,Info a pag.,,
790077,5,4,accessorio,,,,
790077,5,5,accessorio,,Scheda elettronica E045S,,
790305,5,1,Apparecchiature Elettroniche,E124S,Apparecchiatura elettronica E124S con contenitore,,
790305,5,2,accessorio,,Per maggiori informazioni,,
790305,5,3,accessorio,,Kit supporto batteria d’emergenza,,
790305,5,4,accessorio,,,,
790305,5,5,accessorio,,E124S Scheda elettronica,,
790905,5,1,Apparecchiature Elettroniche,200 MPS,Scheda elettronica 200 MPS,,
790905,5,2,accessorio,,,,
790905,5,3,accessorio,,Contenitore mod. E per schede elettroniche,,
790905,5,4,accessorio,,Info a pag.,,
790905,5,5,accessorio,,Scheda elettronica 200MPS,,
Model_2,5,1,Modello,Model_2,Attuatore elettromeccanico 24V a traino,220-240V~ 50/60 Hz,220 W
Model_2,5,2,Modello,Model_2,Barriera automatica 24V,220-240V ~ 50/60 Hz,165 W
Model_2,5,3,Modello,Model_2,Sistema 433-868MHz FDS,,
Model_2,5,4,Modello,Model_2,,,
Model_2,5,5,Modello,Model_2,Motoriduttore 230V,220-240V ~ 50/60Hz,
102011,4,1,Apparecchiature Elettroniche,E034,Apparecchiatura elettronica E034 con contenitore,,
102011,4,2,accessorio,,Per maggiori informazioni,,
102011,4,3,accessorio,,,,
102011,4,4,accessorio,,Apparecchiatura elettronica E034,,
109925,4,1,Modello,844 C Z16,,220-240V~ 50/60 Hz,230 W
109925,4,2,Modello,844 C Z16,Motoriduttore 230V,220-240V~ 50/60 Hz,230 W
109925,4,3,accessorio,,,,
109925,4,4,accessorio,,Motoriduttore 844 C R Z16,,
390130,4,1,Accessori,,Kit basso consumo XLC (Compatibile con E034),,
390130,4,2,accessorio,,Compatibile con E034),,
390130,4,3,accessorio,,Kit basso consumo XLC,,
390130,4,4,accessorio,,,,
390992,4,1,Accessori,,Kit collegamento luci asta,,
390992,4,2,accessorio,,Kit collegamento luci asta,,
390992,4,3,accessorio,,Kit collegamento luci asta tonda S/L,,
390992,4,4,accessorio,,,,
390993,4,1,Accessori,,Cordone luminoso confez. da 12 m,,
390993,4,2,accessorio,,Cordone luminoso confez. da 12 m,,
390993,4,3,accessorio,,Cordone luminoso confez. da 11 m,,
390993,4,4,accessorio,,,,
428042,4,1,Accessori,,Asta tonda S - Ø 75 mm (adesivi non compresi),,
428042,4,2,accessorio,,,,
428042,4,3,accessorio,,le aste tonde S dispongono di un profilo di gomma antiurto; per una ragione di bi,,
428042,4,4,accessorio,,"Asta Intera S 3,3 m",,
428090,4,1,Accessori,,Asta rettangolare standard,,
428090,4,2,accessorio,,,,
428090,4,3,accessorio,,le aste rettangolari dispongono di un profilo di gomma antiurto; per una ragione,,
428090,4,4,accessorio,,Asta rettangolare standard - Lunghezza 3.815 mm,,
428091,4,1,Accessori,,Asta rettangolare standard,,
428091,4,2,accessorio,,le aste rettangolari dispongono di un profilo di gomma antiurto; per una ragione,,
428091,4,3,accessorio,,,,
428091,4,4,accessorio,,Asta rettangolare standard - Lunghezza 4.815 mm,,
428615,4,1,Accessori,,Giunto,,
428615,4,2,accessorio,,le aste tonde S dispongono di un profilo di gomma antiurto; per una ragione di bi,,
428615,4,3,accessorio,,,,
428615,4,4,accessorio,,Giunto S,,
428806,4,1,Accessori,,Forcella regolabile per supporto asta,,
428806,4,2,accessorio,,Forcella regolabile per supporto asta,,
428806,4,3,accessorio,,Forcella regolabile per supporto aste,,
428806,4,4,accessorio,,,,
490117,4,1,Accessori,,Kit 6 adesivi catarifrangenti,,
490117,4,2,accessorio,,Kit 6 adesivi catarifrangenti,,
490117,4,3,accessorio,,Kit adesivi catarifrangenti,,
490117,4,4,accessorio,,,,
790076,4,1,Apparecchiature Elettroniche,E145S,Scheda elettronica E145S,,
790076,4,2,accessorio,,Per maggiori informazioni,,
790076,4,3,accessorio,,Info a pag.,,
790076,4,4,accessorio,,,,
790286,4,1,Apparecchiature Elettroniche,E024S,Apparecchiatura elettronica E024S con contenitore,,
790286,4,2,accessorio,,Per maggiori informazioni,,
790286,4,3,accessorio,,,,
790286,4,4,accessorio,,Scheda elettronica E024S,,
104100,3,1,Modello,S450H CBAC,Attuatori oleodinamici S450H CBAC,220-240V~ 50/60 Hz,60 W
104100,3,2,Modello,S450H CBAC,Attuatore oleodinamico 24V,220-240V~ 50/60 Hz,60 W
104100,3,3,accessorio,,Attuatori S450H CBAC,,
104101,3,1,Modello,S450H SB,,220-240V~ 50/60 Hz,60 W
104101,3,2,Modello,S450H SB,Attuatore oleodinamico 24V,220-240V~ 50/60 Hz,60 W
104101,3,3,accessorio,,,,
104200,3,1,Modello,422 CBAC,,220-240V~ 50/60 Hz,220 W
104200,3,2,Modello,422 CBAC,Attuatore oleodinamico 230V,220-240V~ 50/60 Hz,220 W
104200,3,3,accessorio,,Attuatori 422 CBAC,,
104210,3,1,Modello,422 SBS,,220-240V~ 50/60 Hz,220 W
104210,3,2,Modello,422 SBS,Attuatore oleodinamico 230V,220-240V~ 50/60 Hz,220 W
104210,3,3,accessorio,,,,
104250,3,1,Modello,S2500I 24V,Operatori integrati S2500I 24V,220-240V~ 50/60 Hz,40W
104250,3,2,Modello,S2500I 24V,Attuatore elettromeccanico 24V,220-240V~ 50/60 Hz,40W
104250,3,3,accessorio,,Attuatore elettromeccanico 24V,,
104301,3,1,Modello,S418 24V,Attuatori elettromeccanici S418 24V con staffe di fissaggio,220-240V~ 50/60 Hz,35 W
104301,3,2,Modello,S418 24V,Attuatore elettromeccanico 24V,220-240V~ 50/60 Hz,35 W
104301,3,3,accessorio,,Attuatori S418 24V,,
104413,3,1,Modello,413 230V,Attuatore elettromeccanico 413,220-240V~ 50/60 Hz,250 W
104413,3,2,Modello,413 230V,Attuatore elettromeccanico 230V,220-240V~ 50/60 Hz,250 W
104413,3,3,accessorio,,Attuatore 413,,
104415,3,1,Modello,415 230V,Attuatori elettromeccanici 415 230V,220-240V~ 50/60 Hz,300 W
104415,3,2,Modello,415,Attuatore elettromeccanico 230V,220-240V~ 50/60 Hz,300 W
104415,3,3,accessorio,,Attuatore 415,,
1044151,3,1,Modello,415 24V,Attuatori elettromeccanici 415 24V,220-240V~ 50/60 Hz,70 W
1044151,3,2,Modello,415 24V,Attuatore elettromeccanico 24V,220-240V~ 50/60 Hz,70 W
1044151,3,3,accessorio,,Attuatore 415,,
104417,3,1,Modello,415 L,,220-240V~ 50/60 Hz,300 W
104417,3,2,Modello,415 L,Attuatore elettromeccanico 230V,220-240V~ 50/60 Hz,300 W
104417,3,3,accessorio,,,,
1044171,3,1,Modello,415 L 24V,,220-240V~ 50/60 Hz,70 W
1044171,3,2,Modello,415 L 24V,Attuatore elettromeccanico 24V,220-240V~ 50/60 Hz,70 W
1044171,3,3,accessorio,,,,
104468,3,1,Modello,402 CBC,Attuatori oleodinamici 402 CBC,220-240V~ 50/60 Hz,220 W
104468,3,2,Modello,402 CBC,Attuatore oleodinamico 230V,220-240V~ 50/60 Hz,220 W
104468,3,3,accessorio,,Attuatori 402 CBC,,
104470,3,1,Modello,412 dx,Attuatore elettromeccanico 412 destro,220-240V~ 50/60 Hz,280 W
104470,3,2,Modello,412 dx,Attuatore elettromeccanico 230V,220-240V~ 50/60 Hz,280 W
104470,3,3,accessorio,,Attuatore 412 dx,,
104471,3,1,Modello,412 sx,Attuatore elettromeccanico 412 sinistro,220-240V~ 50/60 Hz,280 W
104471,3,2,Modello,412 sx,Attuatore elettromeccanico 230V,220-240V~ 50/60 Hz,280 W
104471,3,3,accessorio,,Attuatore 412 sx,,
104474,3,1,Modello,402 SBS,,220-240V~ 50/60 Hz,220 W
104474,3,2,Modello,402 SBS,Attuatore oleodinamico 230V,220-240V~ 50/60 Hz,220 W
104474,3,3,accessorio,,,,
104501,3,1,Modello,580 CBAC,,220-240V~ 50/60 Hz,220 W
104501,3,2,accessorio,,580 CBAC,,
104501,3,3,accessorio,,Attuatore 580 CBAC,,
104502,3,1,Modello,580 SB,,220-240V~ 50/60 Hz,220 W
104502,3,2,accessorio,,580 SB,,
104502,3,3,accessorio,,,,
104570,3,1,Modello,390 230V,,220-240V~ 50/60 Hz,280 W
104570,3,2,Modello,390 230V,Attuatore elettromeccanico a braccio articolato 230V,220-240V~ 50/60 Hz,280 W
104570,3,3,accessorio,,Attuatori 390 230V,,
104583,3,1,Modello,392 C,Attuatore 392 C con scheda elettronica e braccio articolato,,
104583,3,2,Modello,392 C,Attuatore elettromeccanico a braccio articolato 24V,220-240V~ 50/60 Hz,
104583,3,3,accessorio,,Attuatore 392 C con scheda elettronica e braccio articolato,,
104584,3,1,Modello,392,Attuatore 392 con braccio articolato,,
104584,3,2,Modello,392,Attuatore elettromeccanico a braccio articolato 24V,-,
104584,3,3,accessorio,,Attuatore 392 senza scheda elettronica,,
104614,3,1,Modello,B614 Rosso RAL 3020,,,
104614,3,2,accessorio,,B614 Rosso RAL 3020,,
104614,3,3,accessorio,,Barriera B614,,
1046143,3,1,Modello,B614 Grigio RAL 9006,,220-240V ~ 50/60 Hz,165 W
1046143,3,2,accessorio,,B614 Grigio RAL 9006,,
1046143,3,3,accessorio,,,,
1046228,3,1,Modello,620 Standard,,,
1046228,3,2,accessorio,,,,
1046228,3,3,accessorio,,Barriera 620 Standard,,
104680,3,1,Modello,B680H,,Switching: 100 ÷ 240V~ 50/60 Hz,240 W
104680,3,2,Modello,B680H,Barriera automatica 24V HYbrid,Switching: 100 ÷ 240V~ 50/60 Hz,240 W
104680,3,3,accessorio,,Barriera B680H,,
104906,3,1,Modello,615BPR Standard Arancio RAL 2004,,220-240V~ 50/60 Hz,220 W
104906,3,2,accessorio,,615BPR Standard Arancio RAL 2004,,
104906,3,3,accessorio,,615BPR Standard,,
10675201,3,1,Modello,770N 230V,Attuatori interrati 770N 230V,220-240V~ 50/60 Hz,380 W
10675201,3,2,Modello,770N 230V,Attuatore elettromeccanico interrato,220-240V~ 50/60 Hz,380 W
10675201,3,3,accessorio,,Attuatori 770N - 230V,,
10675301,3,1,Modello,770N 24V,Attuatori interrati 770N 24V,220-240V~ 50/60 Hz,70 W
10675301,3,2,Modello,770N 24V,Attuatore elettromeccanico interrato,220-240V~ 50/60 Hz,70 W
10675301,3,3,accessorio,,Attuatori 770N 24V,,
108720,3,1,Modello,S800H ENC CBAC 100°,,220-240V~ 50/60 Hz,60 W
108720,3,2,Modello,S800H ENC CBAC 100°,Attuatore oleodinamico 24V interrato,220-240V~ 50/60 Hz,60 W
108720,3,3,accessorio,,S800H ENC CBAC 100°,,
108722,3,1,Modello,S800H ENC CBAC 180°,,220-240V~ 50/60 Hz,60 W
108722,3,2,Modello,S800H ENC CBAC 180°,Attuatore oleodinamico 24V interrato,220-240V~ 50/60 Hz,60 W
108722,3,3,accessorio,,,,
108724,3,1,Modello,S800H ENC SBW 100°,,220-240V~ 50/60 Hz,60 W
108724,3,2,Modello,S800H ENC SBW 100°,Attuatore oleodinamico 24V interrato,220-240V~ 50/60 Hz,60 W
108724,3,3,accessorio,,,,
108725,3,1,Modello,S800H ENC SBW 180°,,220-240V~ 50/60 Hz,60 W
108725,3,2,Modello,S800H ENC SBW 180°,Attuatore oleodinamico 24V interrato,220-240V~ 50/60 Hz,60 W
108725,3,3,accessorio,,,,
108800,3,1,Modello,S800 ENC CBAC 100°,,220-240V~ 50/60 Hz,220 W
108800,3,2,Modello,S800 ENC CBAC 100°,Attuatore oleodinamico 230V interrato,220-240V~ 50/60 Hz,220 W
108800,3,3,accessorio,,S800 ENC CBAC 100° 230V,,
108801,3,1,Modello,S800 ENC CBAC 180°,,220-240V~ 50/60 Hz,220 W
108801,3,2,Modello,S800 ENC CBAC 180°,Attuatore oleodinamico 230V interrato,220-240V~ 50/60 Hz,220 W
108801,3,3,accessorio,,,,
108802,3,1,Modello,S800 ENC SBW 100°,,220-240V~ 50/60 Hz,220 W
108802,3,2,Modello,S800 ENC SBW 100°,Attuatore oleodinamico 230V interrato,220-240V~ 50/60 Hz,220 W
108802,3,3,accessorio,,,,
108803,3,1,Modello,S800 ENC SBW 180°,,220-240V~ 50/60 Hz,220 W
108803,3,2,Modello,S800 ENC SBW 180°,Attuatore oleodinamico 230V interrato,220-240V~ 50/60 Hz,220 W
108803,3,3,accessorio,,,,
109001,3,1,Modello,C4000I,,220-240V~ 50/60 Hz,150 W
109001,3,2,Modello,C4000I,Motoriduttore integrato 24V,220-240V ~ 50/60 Hz,150 W
109001,3,3,accessorio,,C4000I Motoriduttore con scheda incorporata,,
109320,3,1,Modello,C720 24V,Motoriduttore elettromeccanico C720 con apparecchiatura elettronica incorporata e piastra di fondazione,220-240V~ 50/60 Hz,170 W
109320,3,2,Modello,C720 24V,Motoriduttore 24V in bassa tensione,220-240V~ 50/60 Hz,170 W
109320,3,3,accessorio,,Motoriduttore C720 con apparecchiatura elettronica incorporata e piastra di fondazione,,
109321,3,1,Modello,C721 24V,,220-240V~ 50/60 Hz,290 W
109321,3,2,Modello,C721 24V,Motoriduttore 24V in bassa tensione,220-240V~ 50/60 Hz,290 W
109321,3,3,accessorio,,Motoriduttore C721 con apparecchiatura elettronica incorporata e piastra di fondazione,,
109600,3,1,Modello,740 C con encoder,Motoriduttore 740 C Z16 con apparecchiatura elettronica ed encoder incorporati,220-240V~ 50/60 Hz,430 W
109600,3,2,Modello,740 C con encoder,Motoriduttore 230V,220-240V~ 50/60 Hz,430 W
109600,3,3,accessorio,,"Motoriduttore 740 C con apparecchiatura elettronica ed encoder incorporati, piastra di fondazione",,
109602,3,1,Modello,741 C con encoder,Motoriduttore 741 C Z16 con apparecchiatura elettronica ed encoder incorporati e piastra di fondazione,220-240V~ 50/60 Hz,530 W
109602,3,2,Modello,741 C con encoder,Motoriduttore 230V,220-240V~ 50/60 Hz,530 W
109602,3,3,accessorio,,"Motoriduttore 741 C con apparecchiatura elettronica ed encoder incorporati, piastra di fondazione",,
109745,3,1,Modello,746 C Z16,Motoriduttore 746 C Z16 con apparecchiatura elettronica ed encoder incorporati,220-240V~ 50/60 Hz,150 W
109745,3,2,Modello,746 C Z16,Motoriduttore 230V,220-240V~ 50/60 Hz,150 W
109745,3,3,accessorio,,Motoriduttore 746 C Z16,,
109746,3,1,Modello,746 C Z20,,220-240V~ 50/60 Hz,150 W
109746,3,2,Modello,746 C Z20,Motoriduttore 230V,220-240V~ 50/60 Hz,150 W
109746,3,3,accessorio,,,,
1097805,3,1,Modello,740 E Z16 con encoder,"Motoriduttore 740 E Z16 con apparecchiatura elettronica ed encoder incorporati, piastra di fondazione",220-240V~ 50/60 Hz,350 W
1097805,3,2,Modello,740 E Z16 con encoder,Motoriduttore 230V,220-240V~ 50/60 Hz,350 W
1097805,3,3,accessorio,,"Motoriduttore 740 E Z16 con apparecchiatura elettronica ed encoder incorporati, piastra di fondazione",,
1097815,3,1,Modello,741 E Z16 con encoder,"Motoriduttore 741 E Z16 con apparecchiatura elettronica ed encoder incorporati, piastra di fondazione",220-240V~ 50/60 Hz,500 W
1097815,3,2,Modello,741 E Z16 con encoder,Motoriduttore 230V,220-240V~ 50/60 Hz,500 W
1097815,3,3,accessorio,,"Motoriduttore 741 E Z16 con apparecchiatura elettronica ed encoder incorporati, piastra di fondazione",,
109885,3,1,Modello,884 MC 3PH,,220-240V / 380-415V~ 3PH 50/60 Hz,850 W
109885,3,2,Modello,884 MC 3PH,Motoriduttore 400V,220-240V / 380-415V~ 3PH 50/60 Hz,850 W
109885,3,3,accessorio,,Motoriduttore 884 MC 3PH,,
109903,3,1,Modello,C851,,220-240V~ 50/60 Hz,1.800 W
109903,3,2,Modello,C851,Motoriduttore 230V,220-240V~ 50/60 Hz,1.800 W
109903,3,3,accessorio,,Motoriduttore C851,,
109926,3,1,Modello,844,,220-240V~ 50/60 Hz,230 W
109926,3,2,accessorio,,844,,
109926,3,3,accessorio,,,,
109928,3,1,Modello,844 C 3PH,,380-415V~ 3 50/60 Hz,950 W
109928,3,2,Modello,844 C 3PH,Motoriduttore 400V,380-415V~ 3 50/60 Hz,950 W
109928,3,3,accessorio,,Motoriduttore 844 C 3PH,,
109951,3,1,Modello,RL200_220/60 EF,Motoriduttore RL200_220/60 EF per serrande,,
109951,3,2,accessorio,,,,
109951,3,3,Modello,RL200 EF,Motoriduttore 230V,220-240V ~ 50/60Hz,
110549,3,1,Modello,550 ITT,Attuatore elettromeccanico 550 ITT con apparecchiatura elettronica ed encoder incorporati,220-240V~ 50/60 Hz,350 W
110549,3,2,accessorio,,,,
110549,3,3,accessorio,,Attuatore elettromeccanico 550 ITT con apparecchiatura elettronica ed encoder incorporati,,
110597,3,1,Modello,593,,220-240V~ 50/60 Hz,220 W
110597,3,2,Modello,593,Attuatore oleodinamico 230V,220-240V~ 50/60 Hz,220 W
110597,3,3,accessorio,,Attuatore oleodinamico 593,,
110600,3,1,Modello,D600,Attuatore D600 per porte basculanti a traino,220-240V~ 50/60 Hz,220 W
110600,3,2,Modello,D600,Attuatore elettromeccanico 24V a traino,220-240V~ 50/60 Hz,220 W
110600,3,3,accessorio,,Attuatore D600,,
110601,3,1,Modello,D1000,,220-240V~ 50/60 Hz,350 W
110601,3,2,Modello,D1000,Attuatore elettromeccanico 24V a traino,220-240V~ 50/60 Hz,350 W
110601,3,3,accessorio,,Attuatore D1000,,
110602,3,1,Modello,D700 HS,,220-240V~ 50/60 Hz,440 W
110602,3,2,Modello,D700 HS,Attuatore elettromeccanico 24V a traino,220-240V~ 50/60 Hz,440 W
110602,3,3,accessorio,,Attuatore D700 HS,,
202269,3,1,Apparecchiature Elettroniche,,Scheda 740D (incorporata nell'automatismo),,
202269,3,2,accessorio,,Cremagliera zincata 30x12 mod. 4 attacchi a saldare inclusi (conf. 4 pezzi da 1m),,
202269,3,3,accessorio,,,,
390035,3,1,Accessori,,Dispositivo di sblocco idraulico (da abbinare al codice 390972) per attuatori CBAC o SBW,,
390035,3,2,accessorio,,tivo di sblocco idraulico (da abbinare al codice 390972) per attuatori CBAC o SBW,,
390035,3,3,accessorio,,Dispositivo di sblocco idraulico (da abbinare al codice 390972) per attuatori CBAC o SBW,,
390080,3,1,Accessori,,Kit collegamento XBAT (da abbinare a 390923),,
390080,3,2,accessorio,,da abbinare a 390923),,
390080,3,3,accessorio,,,,
390091,3,1,Accessori,,Kit sblocco esterno per S2500I,,
390091,3,2,accessorio,,Arresti meccanici integrati S2500I,,
390091,3,3,accessorio,,,,
390120,3,1,Accessori,,"Binario unico a cinghia 2400 mm (dim. max porta 3,00 x 2,15 m)",,
390120,3,2,accessorio,,Unico a cinghia,,
390120,3,3,accessorio,,Binario unico cinghia corsa max. 2020,,
390126,3,1,Accessori,,"Binario unico a cinghia 3000 mm (dim. max porta 3,00 x 2,60 m)",,
390126,3,2,accessorio,,Unico a cinghia,,
390126,3,3,accessorio,,,,
390132,3,1,Accessori,,"Binario unico a cinghia 3600 mm (dim. max porta 3,00 x 3,20 m)",,
390132,3,2,accessorio,,Unico a cinghia,,
390132,3,3,accessorio,,,,
390139,3,1,Accessori,,"Binario unico a cinghia 4200 mm (dim. max porta 3,00 x 3,80 m)",,
390139,3,2,accessorio,,Due pezzi a cinghia,,
390139,3,3,accessorio,,,,
390178,3,1,Accessori,,Kit n°4 viti di fissaggio ad avvitare (conf. da 4 kit) da abbinare a 1 m di 490333,,
390178,3,2,accessorio,,it n°4 viti di fissaggio ad avvitare (conf. da 4 kit) da abbinare a 1 m di 490333,,
390178,3,3,accessorio,,,,
390184,3,1,Accessori,,Kit installazione luci asta rettangolare,,
390184,3,2,accessorio,,Kit installazione luci asta rettangolare,,
390184,3,3,accessorio,,,,
390226,3,1,Accessori,,"Binario due pezzi a cinghia 3000 mm (dim. max porta 3,00 x 2,60 m)",,
390226,3,2,accessorio,,Due pezzi a cinghia,,
390226,3,3,accessorio,,,,
390232,3,1,Accessori,,"Binario due pezzi a cinghia 3600 mm (dim. max porta 3,00 x 3,20 m)",,
390232,3,2,accessorio,,Due pezzi a cinghia,,
390232,3,3,accessorio,,,,
390239,3,1,Accessori,,"Binario due pezzi a cinghia 4200 mm (dim. max porta 3,00 x 3,80 m)",,
390239,3,2,accessorio,,Automazioni per porte sezionali,,
390239,3,3,accessorio,,,,
390433,3,1,Accessori,,Confezioni con due bracci telescopici curvi,,
390433,3,2,accessorio,,Confezioni con due bracci telescopici curvi,,
390433,3,3,accessorio,,,,
390435,3,1,Accessori,,"Coppia tubi di trasmissione, supporti laterali, installazione con 2 attuatori",,
390435,3,2,accessorio,,"Coppia tubi di trasmissione, supporti laterali, installazione con 2 attuatori",,
390435,3,3,accessorio,,,,
390488,3,1,Accessori,,Cavo e guaina per sblocco esterno (applicazione alla maniglia esistente),,
390488,3,2,accessorio,,applicazione alla maniglia esistente),,
390488,3,3,accessorio,,Cavo e guaina per sblocco esterno (applicazione alla maniglia esistente),,
390548,3,1,Accessori,,Adattatore GDA 2400 per porte basculanti a contrappesi di altezza max 2400 mm,,
390548,3,2,accessorio,,Adattatore GDA 2400 per porte basculanti a contrappesi di altezza max 2400 mm,,
390548,3,3,accessorio,,,,
390563,3,1,Accessori,,Confezioni con due bracci telescopici dritti,,
390563,3,2,accessorio,,Confezioni con due bracci telescopici dritti,,
390563,3,3,accessorio,,,,
390612,3,1,Accessori,,Kit apertura a 140°,,
390612,3,2,accessorio,,Kit apertura a 140°,,
390612,3,3,accessorio,,,,
390682,3,1,Accessori,,Kit Finecorsa singolo (apertura o chiusura),,
390682,3,2,accessorio,,Kit Finecorsa singolo (apertura o chiusura),,
390682,3,3,accessorio,,,,
390765,3,1,Accessori,,Supporto centrale binario (fornito di serie con binari in due pezzi),,
390765,3,2,accessorio,,fornito di serie con binari in due pezzi,,
390765,3,3,accessorio,,,,
390768,3,1,Accessori,,Braccio ricurvo per porte sezionali,,
390768,3,2,accessorio,,Braccio ricurvo per porte sezionali,,
390768,3,3,accessorio,,,,
390828,3,1,Accessori,,Sensore sfondamento per aste tonde pivottanti,,
390828,3,2,accessorio,,Sensore sfondamento per aste tonde pivottanti,,
390828,3,3,accessorio,,,,
390923,3,1,Accessori,,Kit batteria d'emergenza XBAT 24,,
390923,3,2,accessorio,,Kit batteria d’emergenza XBAT 24,,
390923,3,3,accessorio,,,,
390926,3,1,Accessori,,Kit supporto batteria d'emergenza (specifico per E124S),,
390926,3,2,accessorio,,specifico per E124S),,
390926,3,3,accessorio,,,,
390972,3,1,Accessori,,Kit giunto scanalato per attuatori CBAC o SBW,,
390972,3,2,accessorio,,Kit giunto scanalato per attuatori CBAC o SBW,,
390972,3,3,accessorio,,Kit giunto scanalato per attuatori CBAC o SBW (da abbinare al codice 390035),,
401051,3,1,Accessori,,Gruppo antipanico,,
401051,3,2,accessorio,,Gruppo antipanico,,
401051,3,3,accessorio,,,,
401057,3,1,Accessori,,Dispositivo sblocco esterno con cavo e guaina (Lunghezza 5 m),,
401057,3,2,accessorio,,Lunghezza 5 m,,
401057,3,3,accessorio,,,,
401065,3,1,accessorio,,Adattatore per colonnetta o incasso,,
401065,3,2,accessorio,,Adattatore per colonnette a murare,,
401065,3,3,accessorio,,Adattatori per colonnette/a murare,,
401066,3,1,Accessori,,Valvola antivandalismo,,
401066,3,2,accessorio,,Valvola antivandalismo,,
401066,3,3,accessorio,,,,
401069,3,1,Accessori,,Valvola antivandalismo salvaguarda il sistema idraulico in caso di forzature sull'asta,,
401069,3,2,accessorio,,la antivandalismo salvaguarda il sistema idraulico in caso di forzature sull'asta,,
401069,3,3,accessorio,,,,
401302,3,1,Accessori,XK10,Pulsante a chiave e di comando XK10,,
401302,3,2,Modello,XK10,,,
401302,3,3,accessorio,,Pulsante a chiave XK10,,
401304,3,1,Accessori,XK10 B,Pulsante a chiave e di comando XK10 B,,
401304,3,2,Modello,XK10 B,,,
401304,3,3,accessorio,,Pulsante a chiave XK10B,,
402502,3,1,Apparecchiature Elettroniche,,"Unità elettronica EB 540BPR 3PH (scheda 540BPR, contenitore, sezionatore, teleruttori, pulsantiera comando e chiave attivazione)",,
402502,3,2,accessorio,,,,
402502,3,3,accessorio,,"Unità elettronica EB 540BPR 3PH comprende scheda 540BPR, contenitore, sezionatore, teleruttori, pulsantiera di comando e chiave di attivazione)",,
404035,3,1,Accessori,Gruppo encoder per 770N,Gruppo encoder per 770N (confezione singola - 2 confezioni per 2 ante),,
404035,3,2,accessorio,,Gruppo encoder per 770N,,
404035,3,3,accessorio,,,,
404040,3,1,Accessori,SAFEcoder,SAFEcoder encoder assoluto magnetico BUS (Brevetto FAAC) (confezione singola - 2 confezioni per 2 ante),,
404040,3,2,accessorio,,Brevetto FAAC),,
404040,3,3,accessorio,,,,
404041,3,1,Accessori,SAFEcoder 412,SAFEcoder per attuatore 412 (Brevetto FAAC) (confezione singola - 2 confezioni per 2 ante),,
404041,3,2,accessorio,,SAFEcoder (encoder assoluto magnetico BUS) per attuatore 412 (Brevetto FAAC),,
404041,3,3,accessorio,,,,
410032,3,1,Accessori,,Lampeggiante semaforico integrato B614,,
410032,3,2,accessorio,,Lampeggiante semaforico integrato B614,,
410032,3,3,accessorio,,Lampeggiante integrato,,
416017,3,1,Accessori,,Cofano Blu RAL 5011,,
416017,3,2,accessorio,,Blu RAL 5011,,
416017,3,3,accessorio,,,,
416018,3,1,Accessori,,Cofano Bianco RAL 9010,,
416018,3,2,accessorio,,Bianco RAL 9010,,
416018,3,3,accessorio,,,,
416019,3,1,Accessori,,Cofano Grigio RAL 9006,,
416019,3,2,accessorio,,Grigio RAL 9006,,
416019,3,3,accessorio,,,,
416020,3,1,Accessori,,Cofano acciaio INOX,,
416020,3,2,accessorio,,Cofano acciaio INOX,,
416020,3,3,accessorio,,,,
416250,3,1,Accessori,Cover S2500I RAL 7021,Cover S2500I RAL 7021,,
416250,3,2,accessorio,,XK30 Selettore a chiave con sblocco a leva,,
416250,3,3,accessorio,,Cover S2500I RAL 7021,,
416251,3,1,Accessori,Cover S2500I RAL Neutro,Cover S2500I RAL Neutro,,
416251,3,2,accessorio,,Cover S2500I RAL Neutro,,
416251,3,3,accessorio,,,,
424002,3,1,Accessori,,Kit serratura di sblocco personalizzata (confez. Da 10 pz),,
424002,3,2,accessorio,,confez. Da 10 pz),,
424002,3,3,accessorio,,,,
428043,3,1,Accessori,,Asta tonda S - Ø 75 mm (adesivi non compresi),,
428043,3,2,accessorio,,,,
428043,3,3,accessorio,,"Asta Intera S 4,3 m",,
428044,3,1,Accessori,,Asta Intera S,,
428044,3,2,accessorio,,"Asta Intera S 5,3 m",,
428044,3,3,accessorio,,,,
428045,3,1,Accessori,,Asta tonda S - Ø 75 mm (adesivi non compresi),,
428045,3,2,accessorio,,,,
428045,3,3,accessorio,,"Asta Intera S 2,3 m",,
428046,3,1,Accessori,,Asta tonda S - Ø 75 mm (adesivi non compresi),,
428046,3,2,accessorio,,,,
428046,3,3,accessorio,,Asta Finale S 2 m,,
428047,3,1,Accessori,,Asta Intera L,,
428047,3,2,accessorio,,"Asta Intera L 5,3 m",,
428047,3,3,accessorio,,,,
428048,3,1,Accessori,,Asta Iniziale L 4 m,,
428048,3,2,accessorio,,Asta Iniziale L 4 m,,
428048,3,3,accessorio,,Asta iniziale L - Lunghezza 4 m,,
428049,3,1,Accessori,,Asta Finale L,,
428049,3,2,accessorio,,"Asta Finale L 2,3 m",,
428049,3,3,accessorio,,,,
428050,3,1,Accessori,,Asta Finale L,,
428050,3,2,accessorio,,"Asta Finale L 3,3 m",,
428050,3,3,accessorio,,,,
428051,3,1,Accessori,,Asta Finale L,,
428051,3,2,accessorio,,"Asta Finale L 4,3 m",,
428051,3,3,accessorio,,"Asta finale L - Lunghezza 4,3 m",,
428137,3,1,Accessori,,Kit articolazione - H max soffitto 3 m (solo per aste rettangolari standard),,
428137,3,2,accessorio,,solo per aste rettangolari standard),,
428137,3,3,accessorio,,,,
428163,3,1,Accessori,,Tasca di fissaggio per asta tonda pivottante - (INOX),,
428163,3,2,accessorio,,Tasca di fissaggio per asta tonda pivottante - (INOX),,
428163,3,3,accessorio,,,,
428176,3,1,Accessori,,Asta tonda pivottante,,
428176,3,2,accessorio,,"Non è possibile utilizzare siepi, piedino e forcella in abbinamento alle aste ton",,
428176,3,3,accessorio,,,,
428436,3,1,Accessori,,Tasca e molla di bilanciamento S,,
428436,3,2,accessorio,,Tasca e molla di bilanciamento S,,
428436,3,3,accessorio,,,,
428441,3,1,Accessori,,Kit siepe lunghezza 2 m,,
428441,3,2,accessorio,,Kit siepe lunghezza 2 m,,
428441,3,3,accessorio,,,,
428444,3,1,Accessori,,Kit articolata per asta tonda S (max 4 m),,
428444,3,2,accessorio,,Kit articolata per asta tonda S (max 4 m),,
428444,3,3,accessorio,,,,
428445,3,1,Accessori,,Tasca di fissaggio per aste tonde S 615/620/B614,,
428445,3,2,accessorio,,Tasca di fissaggio per aste tonde S 615/620/B614,,
428445,3,3,accessorio,,,,
428446,3,1,Accessori,,Kit siepe lunghezza 3 m,,
428446,3,2,accessorio,,Kit siepe lunghezza 3 m,,
428446,3,3,accessorio,,,,
428715,3,1,Accessori,,Kit snodo e tirante B614,,
428715,3,2,accessorio,,Kit snodo e tirante B614,,
428715,3,3,accessorio,,,,
428805,3,1,Accessori,,Piedino di estremità regolabile per appoggio asta,,
428805,3,2,accessorio,,Piedino di estremità regolabile per appoggio asta,,
428805,3,3,accessorio,,,,
490042,3,1,Accessori,,Positive Stop - arresti meccanici ap./ch. (400),,
490042,3,2,accessorio,,Positive Stop - arresti meccanici ap./ch (integrabili sul mod. 400),,
490042,3,3,accessorio,,,,
490043,3,1,Accessori,,Positive Stop - arresti meccanici ap./ch. (400 CBAC L),,
490043,3,2,accessorio,,Positive Stop - arresti meccanici ap./ch (integrabili sul mod. 400 CBAC L),,
490043,3,3,accessorio,,,,
490065,3,1,Accessori,Cassetta portante con sistema di sblocco (Brevettato),Cassetta portante con sistema di sblocco (Brevettato),,
490065,3,2,accessorio,,Brevettato),,
490065,3,3,accessorio,,Cassetta portante con sistema di sblocco (Brevettato),,
490110,3,1,Accessori,,Cassetta portante in acciaio inox con sistema di sblocco (Brevettato),,
490110,3,2,accessorio,,Brevettato),,
490110,3,3,accessorio,,,,
490111,3,1,Accessori,,Kit apertura a 180°,,
490111,3,2,accessorio,,Kit apertura a 180°,,
490111,3,3,accessorio,,,,
490113,3,1,Accessori,,Cassetta portante INOX,,
490113,3,2,accessorio,,Cassetta portante INOX,,
490113,3,3,accessorio,,,,
490122,3,1,Accessori,,Cremagliera zincata 30x12 mod. 4 attacchi a saldare inclusi (conf. 4 pezzi da 1m),,
490122,3,2,accessorio,,Cremagliera zincata 30x12 mod. 4 attacchi a saldare inclusi (conf. 4 pezzi da 1m),,
490122,3,3,accessorio,,,,
490123,3,1,Accessori,,Cremagliera zincata 30x8 mod. 4 attacchi a saldare inclusi (conf. 4 pezzi da 1m),,
490123,3,2,accessorio,,Cremagliera zincata 30x8 mod. 4 attacchi a saldare inclusi (conf. 4 pezzi da 1m),,
490123,3,3,accessorio,,,,
490124,3,1,Accessori,,Cremagliera zincata 30x12 mod. 4 attacchi fissaggio mecc. inclusi (conf. 4 pezzi da 1m),,
490124,3,2,accessorio,,liera zincata 30x12 mod. 4 attacchi fissaggio mecc. inclusi (conf. 4 pezzi da 1m),,
490124,3,3,accessorio,,,,
490125,3,1,Accessori,,Cremagliera zincata 30x8 mod. 4 attacchi fissaggio mecc. inclusi (conf. 4 pezzi da 1m),,
490125,3,2,accessorio,,gliera zincata 30x8 mod. 4 attacchi fissaggio mecc. inclusi (conf. 4 pezzi da 1m),,
490125,3,3,accessorio,,,,
490183,3,1,Accessori,,Piastra di fondazione,,
490183,3,2,accessorio,,Piastra di fondazione,,
490183,3,3,accessorio,,Piastra di fondazione B614,,
490186,3,1,Accessori,,Confezione attacchi doppia molla,,
490186,3,2,accessorio,,Confezione attacchi doppia molla,,
490186,3,3,accessorio,,,,
490187,3,1,Accessori,,Kit scarpetta S800 saldata (saldatura conforme a UNI EN ISO 15614-1),,
490187,3,2,accessorio,,Kit scarpetta S800 saldata (saldatura conforme a UNI EN ISO 15614-1),,
490187,3,3,accessorio,,,,
490252,3,1,Accessori,,Arresti meccanici integrati S2500I,,
490252,3,2,accessorio,,Compatibile con E034),,
490252,3,3,accessorio,,,,
490253,3,1,Accessori,,Kit staffa guida S2500I,,
490253,3,2,accessorio,,Kit staffa guida S2500I,,
490253,3,3,accessorio,,,,
490254,3,1,Accessori,,Adattatore colonna 100mm S2500I,,
490254,3,2,accessorio,,Adattatore colonna 100mm S2500I,,
490254,3,3,accessorio,,,,
490255,3,1,Accessori,,Adattatore colonna 120mm S2500I,,
490255,3,2,accessorio,,Adattatore colonna 120mm S2500I,,
490255,3,3,accessorio,,,,
490333,3,1,Accessori,,Cremagliera nylon 30x20 mod.4 con anima in acciaio (conf. 4 pezzi da 1m),,
490333,3,2,accessorio,,Cremagliera nylon 30x20 mod.4 con anima in acciaio (conf. 4pezzi da 1m),,
490333,3,3,accessorio,,,,
490349,3,1,Accessori,,Kit 2 staffe posteriori (a vite),,
490349,3,2,accessorio,,Kit 2 Staffe posteriori ad avvitare,,
490349,3,3,accessorio,,,,
71275101,3,1,Accessori,,Serratura con chiave personalizzata,,
71275101,3,2,accessorio,,,,
71275101,3,3,accessorio,,Serratura con chiave,,
713002,3,1,Accessori,,Chiave di sblocco supplementare triangolare (confezione da 10),,
713002,3,2,accessorio,,confez. da 10 pz.),,
713002,3,3,accessorio,,,,
713009,3,1,Accessori,,Coppia chiavi di sblocco di ricambio,,
713009,3,2,accessorio,,Coppia di chiavi di sblocco supplementari,,
713009,3,3,accessorio,,,,
719130,3,1,Accessori,,Pignone Z16 cremagliera,,
719130,3,2,accessorio,,Pignone Z16 cremagliera,,
719130,3,3,accessorio,,,,
7191661,3,1,Accessori,,Pignone Z12 cremagliera (cancello peso max 2.200 Kg) per 844 R 3PH,,
7191661,3,2,accessorio,,,,
7191661,3,3,accessorio,,Pignone Z12 cremagliera,,
719167,3,1,Accessori,,Pignone Z20 cremagliera,,
719167,3,2,accessorio,,Pignone Z20 cremagliera,,
719167,3,3,accessorio,,,,
719169,3,1,Accessori,,Pignone Z16 modulo 6 con protezione per cremagliera,,
719169,3,2,accessorio,,Pignone Z16 modulo 6 con protezione per cremagliera,,
719169,3,3,accessorio,,Pignone Z16 modulo 6,,
719328,3,1,Accessori,,Cremagliera zincata 30x30 modulo 6 (lunghezza 1 m),,
719328,3,2,accessorio,,lunghezza 1 m),,
719328,3,3,accessorio,,Cremagliera zincata 30x30 modulo 6,,
720118,3,1,Accessori,,Contenitore mod. L per schede elettroniche,,
720118,3,2,accessorio,,Contenitore mod. L per schede elettroniche,,
720118,3,3,accessorio,,,,
720309,3,1,Accessori,,Contenitore mod. LM per schede elettroniche,,
720309,3,2,accessorio,,Contenitore mod. LM per schede elettroniche,,
720309,3,3,accessorio,,,,
721018,3,1,Accessori,,"Molla di bilanciamento Ø 8,0 mm",,
721018,3,2,accessorio,,Le molle di bilanciamento non sono comprese nel cofano e devono essere ordinate s,,
721018,3,3,accessorio,,Molle di bilanciamento per asta rettangolari,,
721209,3,1,Accessori,,Molla di bilanciamento B614,,
721209,3,2,accessorio,,Molla di bilanciamento B614,,
721209,3,3,accessorio,,Molla di bilanciamento,,
721232,3,1,Accessori,,Molla di bilanciamento 6mt B614,,
721232,3,2,accessorio,,Molla di bilanciamento 6mt B614,,
721232,3,3,accessorio,,,,
722121,3,1,Accessori,,Arresto meccanico interno di apertura,,
722121,3,2,accessorio,,Arresto meccanico interno di apertura,,
722121,3,3,accessorio,,,,
722122,3,1,Accessori,,Arresto meccanico interno di chiusura,,
722122,3,2,accessorio,,Arresto meccanico interno di chiusura,,
722122,3,3,accessorio,,,,
722123,3,1,Accessori,,Confezione angolari per fissaggio cremagliera (3 pz),,
722123,3,2,accessorio,,cremagliera (3 pz),,
722123,3,3,accessorio,,Confezione angolari per fissaggio cremagliera,,
722291,3,1,Accessori,,"Longherone di fissaggio lunghezza 1,5 m (per modello 593)",,
722291,3,2,accessorio,,"Longherone di fissaggio lunghezza 1,5 m (per modello 593)",,
722291,3,3,accessorio,,"Longherone di fissaggio lunghezza 1,5 m",,
722299,3,1,Accessori,,"Longherone di fissaggio lunghezza 1,5 m (per modello 580)",,
722299,3,2,accessorio,,"Longherone di fissaggio lunghezza 1,5 m (per modello 580)",,
722299,3,3,accessorio,,"Longherone di fissaggio lunghezza 1,5 m",,
727525,3,1,Accessori,,Carter Copri-stelo (per mod. 415 corsa 300mm),,
727525,3,2,accessorio,,Carter di copertura stelo per mod. 415 con corsa stelo 300 mm,,
727525,3,3,accessorio,,,,
736023,3,1,Accessori,,"Coppia tubi di trasmissione, supporti laterali, installazione con 1 operatore",,
736023,3,2,accessorio,,,,
736023,3,3,accessorio,,"Coppia tubi di trasmissione con supporti laterali, per installazione con 1 operatore",,
737604,3,1,Accessori,,Piastra di fissaggio a muro,,
737604,3,2,accessorio,,Piastra a murare,,
737604,3,3,accessorio,,,,
737621,3,1,Accessori,,Piastra di supporto per forcella,,
737621,3,2,accessorio,,Piastra di supporto per forcella,,
737621,3,3,accessorio,,,,
737816,3,1,Accessori,,Piastra di fondazione con regolazioni laterali ed in altezza,,
737816,3,2,accessorio,,Piastra di fondazione con regolazioni laterali ed in altezza,,
737816,3,3,accessorio,,Piastra di fondazione con regolazioni laterali ed in altezza (confez. da 6 pz.),,
738706,3,1,Accessori,,Braccio telescopico (applicazione per porte a libro),,
738706,3,2,accessorio,,,,
738706,3,3,accessorio,,applicazione per porte a libro),,
785102,3,1,Accessori,XP 20 D,Coppia di fotocellule XP20 D,,
785102,3,2,Modello,XP 20 D,,24V - 24V~,
785102,3,3,accessorio,,Coppia di fotocellule XP 20D,,
785103,3,1,Accessori,XP 20B D,Coppia di fotocellule XP20B D,,
785103,3,2,Modello,XP 20B D,,BUS 2easy. a 2 fili non polarizzati 24V,
785103,3,3,accessorio,,Coppia di fotocellule XP 20B D,,
785105,3,1,Modello,XP 30,o del sistema radio coste,24V - 24V~,
785105,3,2,Modello,XP 30,Trasmittente XT S 868,24V - 24V~,
785105,3,3,accessorio,,Coppia di fotocellule XP 30,,
785106,3,1,Modello,XP 30B,o del sistema radio coste,BUS 2easy. a 2 fili non polarizzati 24V,
785106,3,2,Modello,XP 30B,Trasmittente XT S 868,BUS 2easy. a 2 fili non polarizzati 24V,
785106,3,3,accessorio,,Coppia di fotocellule XP 30B,,
785534,3,1,Modello,DECODER SLH,Sistema 868MHz SLH-DS,20 ÷ 30V~,
785534,3,2,Modello,DECODER SLH,Sistema 433MHz SLH-SL-DS-RC,20 ÷ 30V~,
785534,3,3,Modello,DECODER SLH,Trasmittente 2 canali,20 ÷ 30V~,
787007,3,1,Accessori,XT2 433 SLH LR,Trasmittente 2 canali XT2 433 SLH LR,,
787007,3,2,accessorio,,XT2 433 SLH LR,,
787007,3,3,accessorio,,XT2 433 SLH LR Trasmittente 2 canali,,
787017,3,1,Accessori,XT2 FDS 433-868,Trasmittente 2 canali XT2 FDS 433-868,,
787017,3,2,accessorio,,XT2 FDS 433-868,,
787017,3,3,accessorio,,,,
787025,3,1,Accessori,XF FDS 433-868,Ricevente XF FDS 433-868,,
787025,3,2,accessorio,,XF FDS 433-868,,
787025,3,3,accessorio,,,,
787831,3,1,Accessori,XF 433 MHz,Ricevente XF 433 MHz,,
787831,3,2,accessorio,,XF 433,,
787831,3,3,accessorio,,Ricevente XF 433 MHz,,
787852,3,1,Accessori,RP 433 SLH,Ricevente ad innesto 1 canale RP 433 SLH,,
787852,3,2,accessorio,,RP 433 SLH,,
787852,3,3,accessorio,,Ricevente ad innesto 1 canale RP 433 SLH,,
790922,3,1,Apparecchiature Elettroniche,,Apparecchiatura elettronica 578D (installazione remota),,
790922,3,2,accessorio,,,,
790922,3,3,accessorio,,Scheda elettronica 578D (installazione remota),,
Model_3,3,1,Modello,Model_3,Attuatore elettromeccanico 24V a traino,220-240V~ 50/60 Hz,220 W
Model_3,3,2,Modello,Model_3,Sistema 433-868MHz FDS,,
Model_3,3,3,Modello,Model_3,,,
104201,2,1,Modello,400 CBAC,Attuatore oleodinamico 230V,220-240V~ 50/60 Hz,220 W
104201,2,2,accessorio,,,,
104202,2,1,Modello,400 CBAC L,Attuatore oleodinamico 230V,220-240V~ 50/60 Hz,220 W
104202,2,2,accessorio,,,,
104203,2,1,Modello,400 SBS,Attuatore oleodinamico 230V,220-240V~ 50/60 Hz,220 W
104203,2,2,accessorio,,Attuatori 400 SBS,,
104205,2,1,Modello,400 CBC,Attuatore oleodinamico 230V,220-240V~ 50/60 Hz,220 W
104205,2,2,accessorio,,,,
104206,2,1,Modello,400 SB,Attuatore oleodinamico 230V,220-240V~ 50/60 Hz,220 W
104206,2,2,accessorio,,,,
104220,2,1,Modello,400 SBS L,Attuatore oleodinamico 230V,220-240V~ 50/60 Hz,220 W
104220,2,2,accessorio,,,,
104561,2,1,Modello,560 CBAC,Attuatore oleodinamico con blocco idraulico in apertura/chiusura,220-240V~ 50/60 Hz,220 W
104561,2,2,Modello,560 CBAC,Attuatore oleodinamico 230V,220-240V~ 50/60 Hz,220 W
104562,2,1,Modello,560 SB,Attuatore oleodinamico senza blocco idraulico,220-240V~ 50/60 Hz,220 W
104562,2,2,Modello,560 SB,Attuatore oleodinamico 230V,220-240V~ 50/60 Hz,220 W
1046208,2,1,Modello,620 Standard,,,
1046208,2,2,accessorio,,,,
1046268,2,1,Modello,620 Standard,,,
1046268,2,2,accessorio,,,,
1046278,2,1,Modello,620 Standard,,,
1046278,2,2,accessorio,,,,
1046288,2,1,Modello,620 Standard,,,
1046288,2,2,accessorio,,,,
1046358,2,1,Modello,620 Rapida,,,
1046358,2,2,accessorio,,Barriera 620 Rapida,,
1046408,2,1,Modello,620 Standard,,,
1046408,2,2,accessorio,,,,
1046428,2,1,Modello,620 Standard,,,
1046428,2,2,accessorio,,,,
1046478,2,1,Modello,620 Standard,,,
1046478,2,2,accessorio,,,,
1046488,2,1,Modello,620 Standard,,,
1046488,2,2,accessorio,,,,
104910,2,1,Modello,615BPR Standard Grigio RAL 9006,,220-240V~ 50/60 Hz,220 W
104910,2,2,accessorio,,615BPR Standard Grigio RAL 9006,,
109904,2,1,Modello,844 R 3PH,,380-415V~ 3 50/60 Hz,950 W
109904,2,2,accessorio,,844 R 3PH,,
109950,2,1,Modello,RL200 REVERSIBILE,Motoriduttore 230V,220-240V ~ 50/60Hz,
109950,2,2,accessorio,,Motoriduttore RL200 capacità di sollevamento 170 Kg.,,
109960,2,1,accessorio,,RH200B REVERSIBILE,,
109960,2,2,accessorio,,Motoriduttore RH200B capacità di sollevamento 280 Kg.,,
109961,2,1,accessorio,,RH200B EF,,
109961,2,2,accessorio,,,,
109971,2,1,Modello,RH240 EF,Motoriduttore 230V,220-240V ~ 50/60Hz,
109971,2,2,accessorio,,Motoriduttore RH240 EF capacità di sollevamento 180 Kg.,,
120002,2,1,accessorio,,Confezione cover protettive per trasmittenti FDS,,
120002,2,2,accessorio,,,,
120003,2,1,accessorio,,Bumper aletta parasole per trasmittenti FDS,,
120003,2,2,accessorio,,,,
2022715,2,1,Apparecchiature Elettroniche,,Scheda elettronica 624BLD (incorporata nell'automatismo),,
2022715,2,2,accessorio,,,,
202275,2,1,accessorio,,XIR Interfaccia radio,,
202275,2,2,accessorio,,,,
2022855,2,1,Apparecchiature Elettroniche,,Scheda elettronica E550 (incorporata nell'automatismo),,
2022855,2,2,accessorio,,,,
2024015,2,1,Apparecchiature Elettroniche,,Scheda elettronica E600 incorporata,,
2024015,2,2,accessorio,,,,
2024025,2,1,Apparecchiature Elettroniche,,Scheda elettronica E1000 incorporata,,
2024025,2,2,accessorio,,,,
390081,2,1,Accessori,,Kit collegamento luci asta 615,,
390081,2,2,accessorio,,Kit collegamento luci asta 615,,
390267,2,1,accessorio,,Braccio dritto,,
390267,2,2,accessorio,,,,
390432,2,1,Accessori,,Confezioni con due bracci telescopici dritti,,
390432,2,2,accessorio,,Confezioni con due bracci telescopici dritti,,
390434,2,1,Accessori,,"Coppia tubi di trasmissione, supporti laterali, installazione con 1 attuatore",,
390434,2,2,accessorio,,"Coppia tubi di trasmissione, supporti laterali, installazione con 1 attuatore",,
390474,2,1,Accessori,,Kit installazione finecorsa apertura e chiusura (da abbinare alla scheda elettronica E045S),,
390474,2,2,accessorio,,lazione finecorsa apertura e chiusura (da abbinare alla scheda elettronica E045S),,
390564,2,1,Accessori,,Confezioni con due bracci telescopici curvi,,
390564,2,2,accessorio,,Confezioni con due bracci telescopici curvi,,
390594,2,1,Accessori,,"Coppia tubi di trasmissione, supporti laterali, installazione con 2 operatori",,
390594,2,2,accessorio,,,,
391452,2,1,accessorio,,Riduzione palo 60 > 48/42 mm,,
391452,2,2,accessorio,,,,
391453,2,1,accessorio,,Adattatore molle 200>220mm,,
391453,2,2,accessorio,,,,
391454,2,1,accessorio,,Paracadute per corona 200-220,,
391454,2,2,accessorio,,,,
391455,2,1,accessorio,,Paracadute per corona 240,,
391455,2,2,accessorio,,,,
401070,2,1,accessorio,,quantità multipla vendibile 2pz),,
401070,2,2,accessorio,,Colonnetta bassa H500 (quantità multipla vendibile 2pz),,
410029,2,1,Accessori,XLED,Lampeggiatore XLED,,
410029,2,2,accessorio,,Lampeggiatore XLED,,
410033,2,1,Accessori,,Lampeggiante semaforico integrato,,
410033,2,2,accessorio,,Lampeggiante semaforico integrato,,
412003,2,1,accessorio,,na per ricevente RP / XF / XR2 / XR4 con staffa di fissaggio e cavo coassiale 5 m,,
412003,2,2,accessorio,,,,
416016,2,1,Accessori,,Cofano Rosso RAL 3020,,
416016,2,2,accessorio,,Cofano Rosso RAL 3020,,
424001,2,1,accessorio,,Kit per sblocco esterno,,
424001,2,2,accessorio,,,,
424550001,2,1,accessorio,,,,
424550001,2,2,accessorio,,Sblocco esterno con chiavi personalizzate dal n. 1 al n. 10,,
424560001,2,1,accessorio,,,,
424560001,2,2,accessorio,,Sblocco esterno a chiave (per porte con spessore max 15 mm dal n. 1 al n. 10),,
428002,2,1,Accessori,,Asta tonda S - Ø 75 mm (adesivi non compresi),,
428002,2,2,accessorio,,,,
428088,2,1,Accessori,,Asta rettangolare standard,,
428088,2,2,accessorio,,,,
428089,2,1,Accessori,,Asta rettangolare standard,,
428089,2,2,accessorio,,,,
428342,2,1,Accessori,,Tasca di fissaggio per asta rettangolare,,
428342,2,2,accessorio,,Tasca di fissaggio per asta rettangolare,,
428437,2,1,Accessori,,Tasca e molla di bilanciamento L,,
428437,2,2,accessorio,,Tasca e molla di bilanciamento L,,
428616,2,1,Accessori,,Giunto L,,
428616,2,2,accessorio,,Giunto L,,
490058,2,1,Accessori,,Piastra di fondazione,,
490058,2,2,accessorio,,Piastra di fondazione,,
490073,2,1,Accessori,,Piastra di fondazione,,
490073,2,2,accessorio,,Piastra di fondazione,,
490112,2,1,Accessori,,Cassetta portante,,
490112,2,2,accessorio,,Cassetta portante,,
490139,2,1,Accessori,,Piastra di fondazione,,
490139,2,2,accessorio,,Piastra di fondazione,,
490250,2,1,Accessori,Gruppo Cerniera S2500I,Gruppo Cerniera S2500I,,
490250,2,2,accessorio,,Cerniera S2500I,,
490251,2,1,Accessori,,Sblocco manuale a carrucola,,
490251,2,2,accessorio,,Sblocco manuale a carrucola,,
63000169,2,1,Accessori,,Molla S (necessaria per aste tonde pivottanti),,
63000169,2,2,accessorio,,,,
63001034,2,1,Apparecchiature Elettroniche,,Scheda elettronica E614 (incorporata nell'automatismo),,
63001034,2,2,accessorio,,,,
63002425,2,1,Apparecchiature Elettroniche,,Scheda elettronica E700 HS incorporata,,
63002425,2,2,accessorio,,,,
63002485,2,1,Apparecchiature Elettroniche,,Scheda elettronica E721 (incorporata nell'automatismo),,
63002485,2,2,accessorio,,,,
63003207,2,1,Apparecchiature Elettroniche,,Scheda elettronica E850S incorporata,,
63003207,2,2,accessorio,,,,
63003390,2,1,Apparecchiature Elettroniche,,Scheda elettronica E4000I incorporata nell'automatismo,,
63003390,2,2,accessorio,,,,
63003452,2,1,Apparecchiature Elettroniche,,Scheda elettronica E680S,,
63003452,2,2,accessorio,,,,
63003478,2,1,Apparecchiature Elettroniche,,Scheda elettronica E781,,
63003478,2,2,accessorio,,,,
712650,2,1,accessorio,,Elettroserratura 12V~ completa di controbocchetta a pavimento,,
712650,2,2,accessorio,,Elettroserratura 12 Vac completa di controbocchetta a pavimento,,
712651001,2,1,accessorio,,,,
712651001,2,2,accessorio,,Cilindro interno con n° 2 chiavi,,
712652001,2,1,accessorio,,,,
712652001,2,2,accessorio,,Cilindro esterno con n° 2 chiavi,,
720119,2,1,Accessori,MOD.E,Contenitore mod. E per schede elettroniche,,
720119,2,2,accessorio,,Contenitore mod. E per schede elettroniche,,
721005,2,1,Accessori,,"Molla di bilanciamento Ø 6,0 mm",,
721005,2,2,accessorio,,,,
721006,2,1,Accessori,,"Molla di bilanciamento Ø 7,0 mm",,
721006,2,2,accessorio,,,,
721007,2,1,Accessori,,"Molla di bilanciamento Ø 7,5 mm",,
721007,2,2,accessorio,,,,
721008,2,1,Accessori,,"Molla di bilanciamento Ø 5,5 mm",,
721008,2,2,accessorio,,,,
737100,2,1,accessorio,,Piastra fondazione colonnetta,,
737100,2,2,accessorio,,Piastra di fondazione per colonnetta,,
737628,2,1,Accessori,,Piastra di fondazione,,
737628,2,2,accessorio,,Piastra di fondazione,,
737850,2,1,Accessori,,Piastra di fondazione C851,,
737850,2,2,accessorio,,Piastra di fondazione C851,,
738700,2,1,Accessori,,Braccio telescopico articolato con accessori per l'installazione,,
738700,2,2,accessorio,,Braccio telescopico articolato con accessori per l’installazione,,
738703,2,1,Accessori,,Braccio telescopico standard con accessori per l'installazione,,
738703,2,2,accessorio,,Braccio telescopico standard con accessori per l’installazione,,
738705,2,1,Accessori,,Braccio articolato,,
738705,2,2,accessorio,,Braccio snodato,,
7851051,2,1,Modello,XP 30 INOX,o del sistema radio coste,24V - 24V~,
7851051,2,2,Modello,XP 30 INOX,Trasmittente XT S 868,24V - 24V~,
7851061,2,1,Modello,XP 30B INOX,o del sistema radio coste,BUS 2easy. a 2 fili non polarizzati 24V,
7851061,2,2,Modello,XP 30B INOX,Trasmittente XT S 868,BUS 2easy. a 2 fili non polarizzati 24V,
786040,2,1,Modello,XTR B INOX,Trasmittente via radio a combinazione,Bus 2easy. a 2 fili non polarizzati 24 V,
786040,2,2,Modello,XTR B INOX,,Bus 2easy. a 2 fili non polarizzati 24 V,
786041,2,1,Modello,XTR B,Trasmittente via radio a combinazione,Bus 2easy. a 2 fili non polarizzati 24 V,
786041,2,2,Modello,XTR B,,Bus 2easy. a 2 fili non polarizzati 24 V,
787008,2,1,Accessori,XT4 433 SLH LR,Trasmittente 4 canali XT4 433 SLH LR bianca,,
787008,2,2,accessorio,,XT4 433 SLH LR,,
787018,2,1,accessorio,,XT4 FDS 433-868,,
787018,2,2,accessorio,,,,
787021,2,1,accessorio,,RP FDS 433-868,,
787021,2,2,accessorio,,,,
787022,2,1,accessorio,,RP2 FDS 433-868,,
787022,2,2,accessorio,,,,
787854,2,1,accessorio,,RP 868 SLH-DS,,
787854,2,2,accessorio,,RP 868 SLH,,
787855,2,1,accessorio,,RP2 868 SLH-DS,,
787855,2,2,accessorio,,RP2 868 SLH,,
790281,2,1,Apparecchiature Elettroniche,,Scheda elettronica 615BPR (incorporata nell'automatismo),,
790281,2,2,accessorio,,,,
FG1,2,1,Modello,FG1,Trasmittente via radio a combinazione,24V - 24V~,
FG1,2,2,Modello,FG1,,24V - 24V~,
FG2,2,1,Modello,FG2,Trasmittente via radio a combinazione,24V - 24V~,
FG2,2,2,Modello,FG2,,24V - 24V~,
Model_4,2,1,Modello,Model_4,Sistema 433-868MHz FDS,,
Model_4,2,2,Modello,Model_4,,,
Model_5,2,1,Modello,Model_5,Sistema 433-868MHz FDS,,
Model_5,2,2,Modello,Model_5,,,
XR2N,2,1,Modello,XR2N,Sistema 868MHz SLH-DS,12 ÷ 24 V~ - 12 ÷ 24 V~,
XR2N,2,2,Modello,XR2N,Sistema 433MHz SLH-SL-DS-RC,12 ÷ 24 V~ - 12 ÷ 24 V~,
XR4N,2,1,Modello,XR4N,Sistema 868MHz SLH-DS,12 ÷ 24 V~ - 12 ÷ 24 V~,
XR4N,2,2,Modello,XR4N,Sistema 433MHz SLH-SL-DS-RC,12 ÷ 24 V~ - 12 ÷ 24 V~,
102845,1,1,accessorio,,Modulo estensione quadricanale Multidec,,
104250445,1,1,Modello,KIT OPERATORE INTEGRATO S2500I,KIT OPERATORE INTEGRATO S2500I,,
104415144,1,1,Modello,MASTER kit 24V SAFE,MASTER kit 24V SAFE,220-240V~ 50/60 Hz,40W
104415445,1,1,Modello,MASTER kit 230V,MASTER kit 230V,,
104419445,1,1,Modello,Trendy kit 230V,Trendy kit 230V,,
104575,1,1,Modello,ENERGY kit 24V SAFE,ENERGY kit 24V SAFE,,
1046218,1,1,accessorio,,,,
1046338,1,1,Modello,620 Rapida,,,
1046348,1,1,Modello,620 Rapida,,,
1046418,1,1,accessorio,,,,
1046538,1,1,Modello,620 Rapida,,,
1046548,1,1,Modello,620 Rapida,,,
1046558,1,1,Modello,620 Rapida,,,
1047048,1,1,accessorio,,,,
1047148,1,1,accessorio,,,,
1047508,1,1,accessorio,,,,
1047518,1,1,accessorio,,,,
105043,1,1,accessorio,,XGUARD 10H Sensore Laser Orizzontale,,
105083,1,1,Modello,RAPID kit 800 Kg - 24V SAFE&GREEN,RAPID kit 800 Kg - 24V SAFE&GREEN,,
105128,1,1,accessorio,,Batteria CR2 3V al litio per fotocellule XP 20W D,,
105531,1,1,accessorio,,"XS55 KIT COSTA DI SICUREZZA (L=2,5M)*",,
105535,1,1,accessorio,,Kit colla e Primer XS10,,
105536,1,1,accessorio,,"KIT A MISURA Costa di sicurezza fino a 2,5 m",,
105537,1,1,accessorio,,"Kit profilo di alluminio 10PZ da 2,5m XS30",,
105538,1,1,accessorio,,"XS30 KIT COSTA DI SICUREZZA (L=2,5M)*",,
105547,1,1,accessorio,,"XS85 KIT COSTA DI SICUREZZA (L=2,5M)*",,
105592,1,1,accessorio,,Terminale con resistenza XSP R8.2,,
105593,1,1,accessorio,,Terminale con cavo XSP 0.5,,
105594,1,1,accessorio,,Terminale con resistenza XSP R8.2,,
105598,1,1,accessorio,,Terminale con cavo XSP 0.5,,
10561644,1,1,Modello,SOLID kit 230V SAFE,SOLID kit 230V SAFE,,
10561644i,1,1,,"Longherone di fissaggio 1,3 m (incluso in kit 10561644)","Longherone di fissaggio 1,3 m (incluso in kit 10561644)",,
1056303445,1,1,Modello,DELTA 2 kit 230V SAFE,DELTA 2 kit 230V SAFE,,
105630445,1,1,Modello,DELTA 3 kit 230V SAFE,DELTA 3 kit 230V SAFE,,
105632445,1,1,Modello,ECO kit 230V,ECO kit 230V,,
105633445,1,1,Modello,Leader kit 230V,Leader kit 230V,,
10566544,1,1,Modello,DOLPHIN D600 kit 24V SAFE,DOLPHIN D600 kit 24V SAFE,,
105683,1,1,Modello,HYBRID kit 24V SAFE,HYBRID kit 24V SAFE,,
105687,1,1,accessorio,,"Kit profilo di alluminio 10PZ da 2,5m XS55-XS85",,
105781,1,1,accessorio,,FORNITURA IN KIT XS30,,
105782,1,1,accessorio,,FORNITURA IN KIT XS55,,
105940,1,1,Modello,PRATICO C kit 230V SAFE,PRATICO C kit 230V SAFE,,
105998,1,1,Modello,HANDY kit 24V SAFE,HANDY kit 24V SAFE,,
1059995,1,1,Modello,RAPID kit 24V SAFE&GREEN,RAPID kit 24V SAFE&GREEN,,
106746445,1,1,Modello,POWER kit 230V,POWER kit 230V,,
106747445,1,1,Modello,POWER kit 24V SAFE,POWER kit 24V SAFE,,
109512,1,1,Modello,540 V BPR,,220-240V~ 50/60 Hz,800 W
109542,1,1,Modello,541 V,,220-240V~ 50/60 Hz,800 W
109550,1,1,Modello,541 V 3PH,,380-415V~ 3PH+N 50/60 Hz,720 W
109940,1,1,Modello,ROTOR KIT,ROTOR KIT,,
109981,1,1,accessorio,,Motoriduttore RH240B EF SUPER capacità di sollevamento 360 Kg.,,
110066,1,1,accessorio,,,,
110088,1,1,accessorio,,,,
110553,1,1,Modello,550 Slave,,220-240V~ 50/60 Hz,350 W
110554,1,1,Accessori,,Kit per grado di protezione IP44,,
110558,1,1,Modello,550 L Slave,,220-240V~ 50/60 Hz,280 W
110562,1,1,Modello,550 L ITT,,220-240V~ 50/60 Hz,280 W
111100,1,1,accessorio,,,,
111122,1,1,accessorio,,,,
111144,1,1,accessorio,,,,
111188,1,1,accessorio,,,,
112222,1,1,accessorio,,,,
112288,1,1,accessorio,,,,
113300,1,1,accessorio,,,,
114115,1,1,accessorio,,,,
120009,1,1,Modello,DELTA 2 kit PERFECT 60,DELTA 2 kit PERFECT 60,,
120010,1,1,Modello,DELTA 3 kit PERFECT 60,DELTA 3 kit PERFECT 60,,
120011,1,1,Modello,PRATICO C kit PERFECT 60,PRATICO C kit PERFECT 60,,
120012,1,1,Modello,RAPID kit PERFECT 60,RAPID kit PERFECT 60,,
120013,1,1,Modello,LEADER kit PERFECT 60,LEADER kit PERFECT 60,,
120014,1,1,Modello,ECO kit PERFECT 60,ECO kit PERFECT 60,,
120015,1,1,Modello,MASTER kit 230V PERFECT 60,MASTER kit 230V PERFECT 60,,
120016,1,1,Modello,MASTER kit 24V PERFECT 60,MASTER kit 24V PERFECT 60,,
120017,1,1,Modello,POWER 230V kit PERFECT 60,POWER 230V kit PERFECT 60,,
120018,1,1,Modello,POWER 24V kit PERFECT 60,POWER 24V kit PERFECT 60,,
120019,1,1,Modello,HANDY kit PERFECT 60,HANDY kit PERFECT 60,,
120020,1,1,Modello,HIGH kit PERFECT 60,HIGH kit PERFECT 60,,
124125,1,1,accessorio,,,,
134135,1,1,accessorio,,,,
143201,1,1,Modello,TM2K KIT MINI 25/17,Kit automazione tapparelle 25Nm 17rpm,230V~ 50Hz,225 W
143201i,1,1,,Motore Tubolare TM245 (corredato di istruzioni e chiave di regolazione),Motore Tubolare TM245 (corredato di istruzioni e chiave di regolazione),,
143201i2,1,1,,Adattatore per tubo ottagonale Ø60mm,Adattatore per tubo ottagonale Ø60mm,,
143201i3,1,1,,Supporto motore,Supporto motore,,
143201i4,1,1,,Attacchi flessibili in acciaio per attaccare la tapparella al rullo avvolgitore,Attacchi flessibili in acciaio per attaccare la tapparella al rullo avvolgitore,,
143202,1,1,Modello,TM2K KIT MINI 30/17,Kit automazione tapparelle 30Nm 17rpm,230V~ 50Hz,250 W
143203,1,1,Modello,TM2K KIT MINI 50/12,Kit automazione tapparelle 50Nm 12rpm,230V~ 50Hz,275 W
144145,1,1,accessorio,,,,
145405,1,1,Accessori,TM2 X TW-1,Trasmittente murale 433 MHz - 1 canale,,
145412,1,1,Accessori,TM2 X T-6,Radio timer 6 canali,,
145421,1,1,Accessori,TM2 POP 1,Radiocomando 433MHz,,
145422,1,1,Accessori,TM2 POP 1S,Radiocomando 433MHz,,
145423,1,1,Accessori,TM2 POP 7,Radiocomando 433MHz,,
145424,1,1,Accessori,TM2 POP 7S,Radiocomando 433MHz,,
145504,1,1,Accessori,TM2 X R,Ricevente esterna Compact per tapparelle,,
145505,1,1,Accessori,TM2 X,Ricevente esterna Mini,,
145630,1,1,Accessori,KIT PERSONALIZZAZIONE LINEA POP,Kit personalizzazione per radiocomandi linea POP,,
154155,1,1,accessorio,,,,
164165,1,1,accessorio,,,,
2022805,1,1,Apparecchiature Elettroniche,,Scheda elettronica 540BPR (incorporata nell'automatismo),,
390113,1,1,Modello,SAFE&GREEN Retrofit kit E145S,SAFE&GREEN Retrofit kit E145S,,
390211,1,1,accessorio,,Aletta parasole/Supporto trasparente da parete,,
390592,1,1,Accessori,,"Coppia tubi di trasmissione, supporti, installaz. con 2 operatori",,
390607,1,1,Accessori,,Kit per sblocco esterno,,
390719,1,1,Accessori,,Prolunga sblocco rapido per installazioni fino a 8 m,,
390720,1,1,Accessori,,Prolunga verricello a catena per installazioni fino ad 8 m,,
390721,1,1,Accessori,,Piastra di fissaggio per regolazione tridimensionale,,
390744,1,1,Accessori,,"Kit rinvio applicazioni ""Fuori asse"" R. 1:1,5",,
390745,1,1,Accessori,,"Kit rinvio applicazioni ""Fuori asse"" R. 1:2,0",,
391450,1,1,accessorio,,Kit Elettrofreno,,
401012,1,1,accessorio,,T20 E (*),,
401013,1,1,accessorio,,T21 E (*),,
401014,1,1,accessorio,,T20 I (*),,
401015,1,1,accessorio,,T21 I (*),,
401016,1,1,accessorio,,T21 EF (**),,
401017,1,1,accessorio,,T21 IF (**),,
401026,1,1,accessorio,,BLOCKIT,,
401044,1,1,accessorio,,XK10 INOX,,
401045,1,1,accessorio,,XK11 INOX,,
401046,1,1,accessorio,,XK10 B INOX,,
401047,1,1,accessorio,,XK11 B INOX,,
401048,1,1,accessorio,,confez. da 30 pz.),,
401064,1,1,accessorio,,Adattatore tubo esterno,,
401075,1,1,accessorio,,quantità multipla vendibile 2pz),,
401080,1,1,accessorio,,quantità multipla vendibile 2 pz),,
401303,1,1,Modello,XK11,,,
401305,1,1,Modello,XK11 B,,,
401306,1,1,accessorio,,confez. da 30 pz.),,
402500,1,1,Accessori,,Pulsantiera XB300,,
402501,1,1,Apparecchiature Elettroniche,,"Unità elettronica EB 578D (scheda 578D, contenitore, sezionatore, pulsantiera comando e chiave attivazione)",,
402504,1,1,Apparecchiature Elettroniche,,"Unità elettronica EB 578D 3PH (scheda 578D, contenitore, sezionatore, teleruttori, pulsantiera di comando e chiave attivazione)",,
404037,1,1,accessorio,,XKP W 433 INOX,,
404038,1,1,accessorio,,XKP W 868 INOX,,
404039,1,1,Modello,XKP B INOX,Trasmittente via radio a combinazione,Bus 2easy. a 2 fili non polarizzati 24 V,
412006,1,1,accessorio,,na per ricevente RP / XF / XR2 / XR4 con staffa di fissaggio e cavo coassiale 5 m,,
424550001-10,1,1,Accessori,,Sblocco esterno con chiavi personalizzate dal n. 1 al n. 10,,
424550001-50,1,1,Accessori,,Sblocco esterno con chiavi personalizzate dal n. 1 al n. 50,,
424551,1,1,Accessori,,Prolunga sblocco esterno per porte con spessore oltre i 15 mm,,
424560001-10,1,1,Accessori,,Sblocco esterno a chiave per porte con spessore max 15 mm (dal n. 1 al n. 10),,
424560101,1,1,accessorio,,,,
424560101-10,1,1,Accessori,,Sblocco esterno a chiave per porte con spessore oltre 15 mm (dal n. 1 al n. 10),,
424591001,1,1,accessorio,,,,
424591001-10,1,1,Accessori,,"Sblocco esterno a chiave per porte con spessore oltre i 15 mm, da 1 a 10",,
424641,1,1,accessorio,,,,
424641-50,1,1,Accessori,,Serratura di sblocco con chiave personalizzata (dal n. 1 al n. 10),,
430003,1,1,accessorio,,Supporto XGUARD per colonnetta,,
580,1,1,Modello,580,Attuatore oleodinamico 230V,220-240V~ 50/60 Hz,220 W
63000710,1,1,accessorio,,,,
667755,1,1,accessorio,,,,
669900,1,1,accessorio,,,,
712052,1,1,accessorio,,,,
71209101,1,1,accessorio,,,,
71209101-10,1,1,Accessori,,Serratura di sblocco con chiave personalizzata,,
712104001,1,1,accessorio,,,,
712104001-10,1,1,Accessori,,Serratura di sblocco con chiave personalizzata,,
712501001,1,1,accessorio,,,,
712501001-10,1,1,Accessori,,Serratura di sblocco con chiave personalizzata,,
712651010,1,1,accessorio,,,,
712652010,1,1,accessorio,,,,
71275101-10,1,1,Accessori,,Serratura con chiave personalizzata 1-10,,
712805,1,1,accessorio,,Serratura di sblocco con chiave per mod. L e LM,,
712990,1,1,accessorio,,Controbocchetta a pilastro (cancelli ad un'anta),,
714017,1,1,accessorio,,"Olio idraulico ""FAAC HP OIL""",,
714041,1,1,accessorio,,Tanica da litri 10,,
720050,1,1,accessorio,,EM (Protezione IP65),,
720086,1,1,accessorio,,Contenitore plastico a murare,,
720316,1,1,accessorio,,confez. da 20 pz.),,
722136,1,1,Accessori,,"Longherone di fissaggio lunghezza 1,5 m",,
722140,1,1,Accessori,,Longherone di fissaggio lunghezza 2 m,,
736022,1,1,Accessori,,"Coppia tubi di trasmissione 1,5 m, supporti, installaz. con 1 operatore",,
736425,1,1,Modello,M60,,,
736426,1,1,accessorio,,"lungh. m 1,7",,
736427,1,1,accessorio,,"lungh. m 2,0",,
736428,1,1,accessorio,,"lungh. m 2,5",,
736429,1,1,accessorio,,"lungh. m 3,0",,
738709,1,1,Accessori,,Confezioni con due bracci telescopici dritti con boccola non a saldare,,
770088,1,1,accessorio,,,,
785028,1,1,accessorio,,XGUARD-10 Sensore Laser Verticale,,
785031,1,1,accessorio,,Staffa di fissaggio XGUARD-BA,,
785104,1,1,Modello,XP 20W D,,Rx:12 ÷ 24V~ - 12 ÷ 24 V Tx: 12 ÷ 24V~ - 12 ÷ 24 V o con batteria (3 VcR2 - non inclusa),
785200,1,1,Modello,CN 60 E,Trasmittente XT S 868,,
785527,1,1,accessorio,,FG2 bicanale,,
785529,1,1,accessorio,,FG1 monocanale,,
785541,1,1,accessorio,,per regolazioni X-GUARD),,
787012,1,1,accessorio,,Trasmittente XT S 868,,
787013,1,1,accessorio,,Ricevente XR S 868,,
787019,1,1,accessorio,,XT2 FDS BD 433-868,,
787020,1,1,accessorio,,XT4 FDS BD 433-868,,
787030,1,1,accessorio,,XTO2 868MHz,,
787031,1,1,accessorio,,XTO4 868MHz,,
787032,1,1,accessorio,,XTO2 433,,
787033,1,1,accessorio,,XTO4 433,,
787349,1,1,Modello,XRS485,,5VDC,
787378,1,1,Modello,XWBL,,5VDC,
787456,1,1,accessorio,,XT4 433 RC,,
787510,1,1,Modello,XMBX4,,5VDC,
787725,1,1,accessorio,,Interfaccia Relè per l'utilizzo di riceventi RP per collegamenti filari,,
787832,1,1,accessorio,,XF 868,,
787833,1,1,accessorio,,PLUS1 433 MHz,,
787834,1,1,accessorio,,PLUS1 868 MHz,,
787853,1,1,accessorio,,RP2 433 SLH,,
787856,1,1,accessorio,,RP1 433 RC,,
787857,1,1,accessorio,,RP2 433 RC,,
790064,1,1,accessorio,,XBR2 Interfaccia BUS-Relay 2CH,,
790065,1,1,accessorio,,XBR4 Interfaccia BUS-Relay 4CH,,
790284,1,1,Apparecchiature Elettroniche,E124,Apparecchiatura elettronica E124 con contenitore,,
790418,1,1,Modello,XMULTICOM,,24VAC - 24VDC,
790904,1,1,accessorio,,MINISERVICE,,
B614,1,1,Modello,B614,Barriera automatica 24V,220-240V ~ 50/60 Hz,165 W
CARTFA,1,1,,"Cartello ""Automatico FAAC""",Cartello segnaletico per cancelli automatici,,
Model_1,1,1,Modello,Model_1,Sistema 433-868MHz FDS,,
Model_10,1,1,Modello,Model_10,Sistema 433-868MHz FDS,,
Model_11,1,1,Modello,Model_11,Sistema 433-868MHz FDS,,
Model_6,1,1,Modello,Model_6,Sistema 433-868MHz FDS,,
Model_7,1,1,Modello,Model_7,Sistema 433-868MHz FDS,,
Model_8,1,1,Modello,Model_8,Sistema 433-868MHz FDS,,
Model_9,1,1,Modello,Model_9,Sistema 433-868MHz FDS,,
