Categoria;Prodotto;page_start;page_finish
PERFECT KIT;LEADER kit PERFECT 60;028;028
PERFECT KIT;MASTER kit 230V PERFECT 60;029;029
PERFECT KIT;MASTER kit 24V PERFECT 60;030;030
PERFECT KIT;HANDY kit PERFECT 60;031;031
PERFECT KIT;ECO kit PERFECT 60;032;032
PERFECT KIT;HIGH kit PERFECT 60;033;033
PERFECT KIT;POWER kit 230V PERFECT 60;034;034
PERFECT KIT;POWER kit 24V PERFECT 60;035;035
PERFECT KIT;PRATICO C kit PERFECT 60;036;036
PERFECT KIT;DELTA 2 kit PERFECT 60;037;037
PERFECT KIT;DELTA 3 kit PERFECT 60;038;038
PERFECT KIT;RAPID kit PERFECT 60;039;039
CLASSIC KIT;SAFE&GREEN Retrofit kit;042;042
CLASSIC KIT;HYBRID kit;043;043
CLASSIC KIT;LEADER kit;044;044
CLASSIC KIT;TRENDY kit 230V;045;045
CLASSIC KIT;MASTER kit 230V;046;046
CLASSIC KIT;MASTER kit 24V;047;047
CLASSIC KIT;HANDY kit;048;048
CLASSIC KIT;ECO kit;049;049
CLASSIC KIT;ENERGY kit;050;050
CLASSIC KIT;HIGH KIT;051;051
CLASSIC KIT;POWER kit 230V;052;052
CLASSIC KIT;POWER kit 24V;053;053
CLASSIC KIT;PRATICO C kit;054;054
CLASSIC KIT;DELTA 2 kit;055;055
CLASSIC KIT;DELTA 3 kit;056;056
CLASSIC KIT;RAPID kit;057;057
CLASSIC KIT;SOLID kit;058;058
CLASSIC KIT;DOLPHIN kit;059;059
CLASSIC KIT;ROTOR Kit;060;061
Automazioni per ante a battente esterno;S418;072;073
Automazioni per ante a battente esterno;412;074;075
Automazioni per ante a battente esterno;413 230V;076;077
Automazioni per ante a battente esterno;415 230V;078;079
Automazioni per ante a battente esterno;415 24V;080;081
Automazioni per ante a battente esterno;390 230V;082;083
Automazioni per ante a battente esterno;392 C;084;085
Automazioni per ante a battente esterno;402;086;087
Automazioni per ante a battente esterno;422;088;089
Automazioni per ante a battente esterno;400;090;091
Automazioni per ante a battente esterno;S450H;092;094
Automazioni per ante a battente con motore interrato;S2500I;096;097
Automazioni per ante a battente con motore interrato;770N 230V;098;099
Automazioni per ante a battente con motore interrato;770N 24V;100;101
Automazioni per ante a battente con motore interrato;S800H ENC;102;103
Automazioni per ante a battente con motore interrato;S800 ENC;104;106
Automazioni per cancelli scorrevoli;C4000I;108;109
Automazioni per cancelli scorrevoli;C720;110;111
Automazioni per cancelli scorrevoli;C721;112;113
Automazioni per cancelli scorrevoli;740;114;115
Automazioni per cancelli scorrevoli;740 C;116;117
Automazioni per cancelli scorrevoli;741;118;119
Automazioni per cancelli scorrevoli;741 C;120;121
Automazioni per cancelli scorrevoli;746 C;122;123
Automazioni per cancelli scorrevoli;844 C;124;125
Automazioni per cancelli scorrevoli;844 3PH;126;127
Automazioni per cancelli scorrevoli;884 MC 3PH;128;129
Automazioni per cancelli scorrevoli;C851;130;132
Automazioni per porte sezionali;D600;134;135
Automazioni per porte sezionali;D700 HS;136;137
Automazioni per porte sezionali;D1000;138;139
Automazioni per porte basculanti;550;148;149
Automazioni per porte basculanti;580 - 593;150;152
Automazioni per porte a libro;390 230V;154;155
Automazioni per porte a libro;560;156;157
Barriere automatiche;B614;160;163
Barriere automatiche;615BPR;164;167
Barriere automatiche;620 Standard;168;171
Barriere automatiche;620 Rapida;172;175
Barriere automatiche;B680H;176;179
Apparecchiature elettroniche di comando;Contenitori;187;187
Apparecchiature elettroniche di comando;Schede elettroniche;188;194
Accessori per automazioni;Dispositivi Simply Connect;196;196
Accessori per automazioni;Applicazioni Simply Connect;197;199
Accessori per automazioni;Sistema 433-868MHz FDS;200;201
Accessori per automazioni;Sistema 433-868MHz FDS BD;202;203
Accessori per automazioni;XTO - Sistema 868MHz SLH-DS;204;205
Accessori per automazioni;XTO - Sistema 433 MHz SLH-SL-DS-RC;206;207
Accessori per automazioni;Sistema 433MHz RC;214;215
Accessori per automazioni;Datori d'impulso semplici;216;219
Accessori per automazioni;Datori d'impulso elettronici;220;222
Accessori per automazioni;Alimentatore supplementare;223;223
Accessori per automazioni;Fotocellule da parete orientabili;224;225
Accessori per automazioni;Fotocellule da parete o incasso;226;226
Accessori per automazioni;XS Costa di sicurezza;227;228
Accessori per automazioni;Sensori Laser;234;234
Accessori per automazioni;M60 Costa elettromeccanica;235;235
Accessori per automazioni;Accessori e materiali di consumo;238;238
Automazioni per serrande avvolgibili;RL200;240;241
Automazioni per serrande avvolgibili;RH200B;242;243
Automazioni per serrande avvolgibili;RH240;244;245
Schemi di installazione;392 C;263;263
Schemi di installazione;390 230V;263;263
Schemi di installazione;412;264;264
Schemi di installazione;413 230V;264;264
Schemi di installazione;415 230V;265;265
Schemi di installazione;415 24V;265;265
Schemi di installazione;S418;266;266
Schemi di installazione;402;266;266
Schemi di installazione;S450H;267;267
Schemi di installazione;422;267;267
Schemi di installazione;400;268;268
Schemi di installazione;770N 230V;268;268
Schemi di installazione;770N 24V;269;269
Schemi di installazione;S800H ENC;269;269
Schemi di installazione;S800 ENC;270;270
Schemi di installazione;740;270;270
Schemi di installazione;740 C;271;271
Schemi di installazione;741 C;271;271
Schemi di installazione;741;272;272
Schemi di installazione;C4000I;273;273
Schemi di installazione;S2500I;273;273
Schemi di installazione;C720;272;272
Schemi di installazione;C721;274;274
Schemi di installazione;746 C;274;274
Schemi di installazione;844 C;275;275
Schemi di installazione;844 C 3PH;275;275
Schemi di installazione;884 MC 3PH;276;276
Schemi di installazione;C851;276;276
Schemi di installazione;D600;277;277
Schemi di installazione;D700 HS;277;277
Schemi di installazione;D1000;278;278
Schemi di installazione;540;278;278
Schemi di installazione;541;279;279
Schemi di installazione;541 3PH;279;279
Schemi di installazione;550;280;280
Schemi di installazione;593;280;280
Schemi di installazione;580;281;281
Schemi di installazione;B614;282;282
Schemi di installazione;615BPR;282;282
Schemi di installazione;620 Standard;283;283
Schemi di installazione;620 Rapida;283;283
Schemi di installazione;B680H;281;281
Schemi di installazione;RL200;284;284
Schemi di installazione;RH200B;284;284
Schemi di installazione;RH240;285;285
Schemi di installazione;RH240B;285;285
