Note_Antonella,IDML,Categoria,Prodotto,Pagina,Pagina_fine,SKU_presenti_nel_prodotto,Num_prodotti_per_categoria,Num_SKU_per_prodotto,Num_SKU_per_categoria
,0,PERFECT KIT,,27,27,,12,0,40
,,PERFECT KIT,LEADER kit PERFECT 60,28,28,104468; 120013; 404040; 410029; 720119; 785103; 787017; 787025; 790077,12,9,40
,,PERFECT KIT,MASTER kit 230V PERFECT 60,29,29,104415; 120015; 404040; 410029; 720119; 785103; 787017; 787025; 790077,12,9,40
,,PERFECT KIT,MASTER kit 24V PERFECT 60,30,30,102011; 120016; 410029; 785103; 787017; 787025; 1044151,12,7,40
,,PERFECT KIT,HANDY kit PERFECT 60,31,31,102011; 104301; 120019; 410029; 785103; 787017; 787025,12,7,40
,,PERFECT KIT,ECO kit PERFECT 60,32,32,104470; 104471; 120014; 404041; 410029; 720119; 785103; 787017; 787025; 790077,12,10,40
,,PERFECT KIT,HIGH kit PERFECT 60,33,33,102011; 104250; 120020; 416250; 416251; 490250; 785103; 787017; 787025,12,9,40
,,PERFECT KIT,POWER kit 230V PERFECT 60,34,34,120017; 404035; 410029; 490065; 720119; 785103; 787017; 787025; 790077; 10675201,12,10,40
,,PERFECT KIT,POWER kit 24V PERFECT 60,35,35,102011; 120018; 410029; 490065; 785103; 787017; 787025; 10675201,12,8,40
,,PERFECT KIT,PRATICO C kit PERFECT 60,36,36,109745; 120011; 410029; 737816; 785103; 787017; 787025,12,7,40
,,PERFECT KIT,DELTA 2 kit PERFECT 60,37,37,109600; 120009; 410029; 787017; 787025,12,5,40
,,PERFECT KIT,DELTA 3 kit PERFECT 60,38,38,109702; 120010; 410029; 785102; 787017; 787025,12,6,40
,,PERFECT KIT,RAPID kit PERFECT 60,39,39,109320; 120012; 410029; 785103; 787017; 787025,12,6,40
,0,CLASSIC KIT,,41,41,,19,0,68
,,CLASSIC KIT,SAFE&GREEN Retrofit kit,42,42,390113; 404040; 790076,19,3,68
,,CLASSIC KIT,HYBRID kit,43,43,104100; 105683; 401304; 410029; 785103; 787007; 787831; 790284; 71275101,19,9,68
,,CLASSIC KIT,LEADER kit,44,44,104468; 401304; 404040; 410029; 720119; 785103; 787007; 787831; 790077; 71275101; 105633445,19,11,68
,,CLASSIC KIT,TRENDY kit 230V,45,45,104413; 401304; 404040; 410029; 720119; 785103; 787007; 787831; 790077; 71275101; 104419445,19,11,68
,,CLASSIC KIT,MASTER kit 230V,46,46,104415; 401304; 404040; 410029; 720119; 785103; 787007; 787831; 790077; 71275101; 104415445,19,11,68
,,CLASSIC KIT,MASTER kit 24V,47,47,102011; 401304; 410029; 785103; 787007; 787831; 1044151; 71275101; 104415144,19,9,68
,,CLASSIC KIT,HANDY kit,48,48,102011; 104301; 105998; 401304; 410029; 785103; 787007; 787831; 71275101,19,9,68
,,CLASSIC KIT,ECO kit,49,49,104470; 104471; 401304; 404041; 410029; 720119; 785103; 787007; 787831; 790077; 71275101; 105632445,19,12,68
,,CLASSIC KIT,ENERGY kit,50,50,104575; 104583; 104584; 401304; 410029; 785103; 787007; 787831; 71275101,19,9,68
,,CLASSIC KIT,HIGH KIT,51,51,102011; 104250; 401304; 416250; 416251; 490250; 785103; 787007; 787831; 71275101; 104250445,19,11,68
,,CLASSIC KIT,POWER kit 230V,52,52,401304; 404035; 410029; 490065; 720119; 785103; 787007; 787831; 790077; 10675201; 71275101; 106746445,19,12,68
,,CLASSIC KIT,POWER kit 24V,53,53,102011; 401304; 410029; 490065; 785103; 787007; 787831; 10675301; 71275101; 106747445,19,10,68
,,CLASSIC KIT,PRATICO C kit,54,54,105940; 109745; 401304; 410029; 737816; 785103; 787007; 787831; 71275101,19,9,68
,,CLASSIC KIT,DELTA 2 kit,55,55,401302; 410029; 785102; 787007; 787852; 1097805; 71275101; 1056303445,19,8,68
,,CLASSIC KIT,DELTA 3 kit,56,56,401302; 410029; 785102; 787007; 787852; 1097815; 71275101; 105630445,19,8,68
,,CLASSIC KIT,RAPID kit,57,57,105083; 109320; 109321; 401304; 410029; 785103; 787007; 787831; 1059995; 71275101,19,10,68
,,CLASSIC KIT,SOLID kit,58,58,110549; 787007; 787852; 10561644; 424550001,19,5,68
,,CLASSIC KIT,DOLPHIN kit,59,59,110600; 390548; 787007; 787831; 10566544,19,5,68
,,CLASSIC KIT,ROTOR Kit,60,61,109940; 109951; 391456; 720119; 785102; 787008; 787852; 790905,19,8,68
,,TM2K KIT MINI,,62,63,143201; 143202; 143203; 145405; 145412; 145421; 145422; 145423; 145424; 145504; 145505; 145630,0,12,12
ELIMINARE - N2D kit,0,N2D kit,,64,66,105726; 105727; 105728; 105729; 105730; 105731; 105732; 105740; 105770; 105771; 105775; 105776; 145405; 145412; 145421; 145423; 145630; 1057263; 1057273; 1057283; 1057293; 1057303; 1057313; 1057323; 1057403,0,25,25
,0,K3 kit,,67,70,104110,0,1,1
,,Automazioni per ante a battente esterno,,71,71,,11,0,60
,,Automazioni per ante a battente esterno,S418,72,73,102011; 104301; 390130; 390923; 390926; 669900; 770088; 790062; 790286; 790305,11,10,60
,,Automazioni per ante a battente esterno,412,74,75,104470; 104471; 404041; 713009; 720118; 720119; 720309; 737604; 790062; 790076; 790077,11,11,60
,,Automazioni per ante a battente esterno,413 230V,76,77,104413; 404040; 490349; 667755; 669900; 720118; 720119; 720309; 737604; 790062; 790076; 790077,11,12,60
,,Automazioni per ante a battente esterno,415 230V,78,79,104415; 104417; 404040; 490349; 720118; 720119; 720309; 727525; 737604; 790062; 790076; 790077,11,12,60
,,Automazioni per ante a battente esterno,415 24V,80,81,102011; 390130; 390923; 390926; 490349; 727525; 737604; 790062; 790286; 790305; 1044151; 1044171,11,12,60
,,Automazioni per ante a battente esterno,390 230V,82,83,104570; 390682; 401057; 720118; 720119; 720309; 738705; 790062; 790076; 790077,11,10,60
,,Automazioni per ante a battente esterno,392 C,84,85,102011; 104583; 104584; 390130; 390267; 390923; 390926; 391456; 424001; 790062; 790305,11,11,60
,,Automazioni per ante a battente esterno,402,86,87,104468; 104474; 404040; 490349; 713002; 720118; 720119; 720309; 737604; 790062; 790076; 790077,11,12,60
,,Automazioni per ante a battente esterno,422,88,89,104200; 104210; 404040; 490349; 720118; 720119; 720309; 737604; 790062; 790076; 790077; 712501001,11,12,60
,,Automazioni per ante a battente esterno,400,90,91,104201; 104202; 104203; 104205; 104206; 104220; 404040; 490042; 490043; 490349; 720118; 720119; 720309; 737604; 790062; 790076; 790077; 712501001,11,18,60
,,Automazioni per ante a battente esterno,S450H,92,94,104100; 104101; 114115; 124125; 134135; 144145; 154155; 164165; 390923; 390926; 790062; 790305; 712501001,11,13,60
,0,Automazioni per ante a battente con motore interrato,,95,95,,5,0,48
,,Automazioni per ante a battente con motore interrato,S2500I,96,97,102011; 104250; 390091; 390130; 390926; 391456; 416250; 416251; 490250; 490252; 490253; 490254; 490255; 790305; 424550001,5,15,48
,,Automazioni per ante a battente con motore interrato,770N 230V,98,99,390612; 404035; 490065; 490110; 490111; 720118; 720119; 720309; 722121; 722122; 790062; 790076; 790077; 10675201; 712104001,5,15,48
,,Automazioni per ante a battente con motore interrato,770N 24V,100,101,102011; 390130; 390612; 390923; 390926; 404035; 490065; 490110; 490111; 722121; 722122; 790062; 790286; 790305; 10675301; 712104001,5,16,48
,,Automazioni per ante a battente con motore interrato,S800H ENC,102,103,108720; 108722; 108724; 108725; 390035; 390926; 390972; 490112; 490113; 490187; 790305; 71209101,5,12,48
,,Automazioni per ante a battente con motore interrato,S800 ENC,104,106,108800; 108801; 108802; 108803; 110066; 390035; 390972; 490112; 490113; 490187; 720118; 720119; 720309; 790062; 790076; 790077; 71209101,5,17,48
,0,Automazioni per cancelli scorrevoli,,107,107,,12,0,52
,,Automazioni per cancelli scorrevoli,C4000I,108,109,109001; 110088; 390178; 490122; 490123; 490124; 490125; 490333; 63003390,12,9,52
,,Automazioni per cancelli scorrevoli,C720,110,111,109320; 111100; 390178; 390923; 424002; 490122; 490123; 490124; 490125; 490333; 63002485; 712501001,12,12,52
,,Automazioni per cancelli scorrevoli,C721,112,113,109321; 111122; 390178; 390923; 490122; 490123; 490124; 490125; 490333; 63002485; 712501001,12,11,52
,,Automazioni per cancelli scorrevoli,740,114,115,111144; 202269; 390178; 490122; 490123; 490124; 490125; 490333; 1097805,12,9,52
,,Automazioni per cancelli scorrevoli,740 C,116,117,109600; 390178; 490122; 490123; 490124; 490125; 490333,12,7,52
,,Automazioni per cancelli scorrevoli,741,118,119,111188; 202269; 390178; 490122; 490123; 490124; 490125; 490333; 1097815,12,9,52
,,Automazioni per cancelli scorrevoli,741 C,120,121,109602; 390178; 490122; 490123; 490124; 490125; 490333,12,7,52
,,Automazioni per cancelli scorrevoli,746 C,122,123,109745; 109746; 112222; 390178; 490122; 490123; 490124; 490125; 490333; 719130; 719167; 737816; 63003478; 71275101,12,14,52
,,Automazioni per cancelli scorrevoli,844 C,124,125,109925; 109926; 390178; 490122; 490123; 490124; 490125; 490333; 719130; 719167; 737816; 63003478; 71275101,12,13,52
,,Automazioni per cancelli scorrevoli,844 3PH,126,127,109904; 109928; 112266; 202073; 490122; 490124; 719130; 719167; 720118; 720119; 720309; 737816; 7191661; 71275101,12,14,52
,,Automazioni per cancelli scorrevoli,884 MC 3PH,128,129,109885; 112288; 202073; 719169; 719328; 722123; 737628,12,7,52
,,Automazioni per cancelli scorrevoli,C851,130,132,109903; 113300; 490122; 737850; 63003207,12,5,52
,0,Automazioni per porte sezionali,,133,133,,6,0,36
,,Automazioni per porte sezionali,D600,134,135,110600; 390120; 390126; 390132; 390139; 390226; 390232; 390239; 390488; 390765; 390768; 390923; 2024015; 424591001,6,14,36
,,Automazioni per porte sezionali,D700 HS,136,137,110602; 390120; 390126; 390132; 390139; 390226; 390232; 390239; 390488; 390765; 390768; 390923; 63002425; 424591001,6,14,36
,,Automazioni per porte sezionali,D1000,138,139,110601; 390120; 390126; 390132; 390139; 390226; 390232; 390239; 390488; 390548; 390765; 390768; 390923; 2024025; 424591001,6,15,36
ELIMINARE - 540,0,Automazioni per porte sezionali,540,140,141,109512; 390719; 390720; 390721; 390744; 390745; 402500; 2022805,6,8,36
ELIMINARE - 541,0,Automazioni per porte sezionali,541,142,143,109542; 390719; 390720; 390721; 390744; 390745; 402501; 720118; 720119; 720309; 790922,6,11,36
ELIMINARE - 541 3PH,0,Automazioni per porte sezionali,541 3PH,144,146,109550; 390719; 390720; 390721; 390744; 390745; 402502; 402504,6,8,36
,0,Automazioni per porte basculanti,,147,147,,2,0,38
SOSTITUIRE con D550,,Automazioni per porte basculanti,550,148,149,110123; 110124; 110125; 110127; 110549; 110553; 110554; 110558; 110562; 390563; 390564; 390592; 390607; 424551; 722136; 722140; 736022; 738709; 2022855; 424550001,2,20,38
SEPARARE 580 e 593,,Automazioni per porte basculanti,580 - 593,150,152,104501; 104502; 110597; 390432; 390433; 390434; 390435; 390563; 390564; 390594; 720118; 720119; 720309; 722299; 736023; 790062; 790076; 790077; 424560001; 424560101,2,20,38
,0,Automazioni per porte a libro,,153,153,,2,0,15
,,Automazioni per porte a libro,390 230V,154,155,104570; 390682; 401057; 720118; 720119; 720309; 738706; 790062; 790076; 790077,2,10,15
,,Automazioni per porte a libro,560,156,157,104561; 104562; 490251; 720118; 720119; 720309; 738700; 738703; 790062; 790076; 790077,2,11,15
,0,Barriere automatiche,,158,159,,7,0,95
,,Barriere automatiche,B614,160,163,104614; 390184; 390923; 390992; 390993; 410032; 428002; 428042; 428043; 428045; 428046; 428088; 428089; 428090; 428091; 428137; 428342; 428441; 428444; 428445; 428446; 428615; 428715; 428805; 428806; 490117; 490183; 490186; 713002; 721209; 721232; 737621; 1046143; 63001034,7,34,95
,,Barriere automatiche,615BPR,164,167,104906; 104910; 390081; 390184; 390993; 401066; 428002; 428042; 428043; 428045; 428046; 428088; 428089; 428090; 428091; 428137; 428342; 428441; 428445; 428446; 428615; 428805; 428806; 490073; 490117; 713002; 721005; 721006; 721007; 721008; 721018; 737621; 790281,7,33,95
,,Barriere automatiche,620 Standard,168,171,390184; 390828; 390992; 390993; 401051; 401066; 424641; 428002; 428042; 428043; 428045; 428046; 428088; 428089; 428090; 428091; 428137; 428163; 428176; 428342; 428441; 428445; 428446; 428615; 428805; 428806; 490058; 490117; 713002; 737621; 1046208; 1046218; 1046228; 1046268; 1046278; 1046288; 1046408; 1046418; 1046428; 1046478; 1046488; 1047048; 1047148; 1047508; 1047518; 2022715,7,46,95
,,Barriere automatiche,620 Rapida,172,175,390184; 390828; 390992; 390993; 401051; 401066; 424641; 428042; 428045; 428088; 428089; 428090; 428137; 428163; 428176; 428342; 428445; 428806; 490058; 490117; 713002; 737621; 1046338; 1046348; 1046358; 1046538; 1046548; 1046558; 2022715,7,29,95
,,Barriere automatiche,B680H,176,179,104680; 390080; 390828; 390923; 390992; 390993; 401051; 401069; 410033; 416016; 416017; 416018; 416019; 416020; 428042; 428043; 428044; 428045; 428046; 428047; 428048; 428049; 428050; 428051; 428163; 428176; 428436; 428437; 428441; 428444; 428446; 428615; 428616; 428805; 428806; 490117; 490139; 713002; 737621; 63000169; 63003452; 71209101,7,42,95
,0,Barriere automatiche,Access XL2/XXL,180,183,,7,0,95
,0,Barriere automatiche,TOLL,184,185,,7,0,95
,0,Apparecchiature elettroniche di comando,,186,186,,2,0,27
,,Apparecchiature elettroniche di comando,Contenitori,187,187,712805; 720118; 720119; 720309,2,4,27
,,Apparecchiature elettroniche di comando,Schede elettroniche,188,194,102011; 202073; 202269; 402502; 790076; 790077; 790281; 790286; 790305; 790905; 790922; 2022715; 2022855; 2024015; 2024025; 63000710; 63001034; 63002425; 63002485; 63003207; 63003390; 63003452; 63003478,2,23,27
,0,Accessori per automazioni,,195,195,,27,0,142
,,Accessori per automazioni,Dispositivi Simply Connect,196,196,787378; 787510,27,2,142
,,Accessori per automazioni,Applicazioni Simply Connect,197,199,787349; 790418,27,2,142
,,Accessori per automazioni,Sistema 433-868MHz FDS,200,201,102845; 120002; 120003; 202275; 412003; 787017; 787018; 787021; 787022; 787023; 787024; 787025; 787725,27,13,142
,,Accessori per automazioni,Sistema 433-868MHz FDS BD,202,203,102845; 120002; 120003; 202275; 412003; 787019; 787020; 787021; 787022; 787023; 787024; 787025; 787725,27,13,142
,,Accessori per automazioni,XTO - Sistema 868MHz SLH-DS,204,205,102845; 412006; 785534; 787023; 787024; 787030; 787031; 787725; 787832; 787834; 787854; 787855,27,12,142
,,Accessori per automazioni,XTO - Sistema 433 MHz SLH-SL-DS-RC,206,207,102845; 412006; 785534; 787023; 787024; 787032; 787033; 787725; 787831; 787833; 787852; 787853; 787856; 787857,27,14,142
ELIMINARE - SLH 868,0,Accessori per automazioni,Sistema 868MHz SLH LR,208,209,102845; 390205; 412006; 785534; 787009; 787010; 787023; 787024; 787725; 787832; 787834; 787854; 787855; 7870091; 7870101,27,15,142
ELIMINARE - SLH 433,0,Accessori per automazioni,Sistema 433MHz SLH LR,210,211,102845; 390205; 412003; 785534; 787007; 787008; 787023; 787024; 787725; 787831; 787833; 787852; 787853; 7870071; 7870081,27,15,142
ELIMINARE - SLHP LR,0,Accessori per automazioni,Sistema SLHP LR,212,213,103054; 103337; 404015; 785535; 785538; 787007; 787008; 787009; 787010; 787833; 787834; 799349; 7870071; 7870081; 7870091; 7870101,27,16,142
,,Accessori per automazioni,Sistema 433MHz RC,214,215,109951; 390211; 412003; 787023; 787024; 787456; 787725; 787831; 787856; 787857,27,10,142
,,Accessori per automazioni,Datori d'impulso semplici,216,219,391456; 401012; 401013; 401014; 401015; 401016; 401017; 401044; 401045; 401046; 401047; 401064; 401065; 401075; 401080; 401302; 401303; 401304; 401305; 712052; 720316; 737100; 790064; 790065; 71275101,27,25,142
,,Accessori per automazioni,Datori d'impulso elettronici,220,222,401048; 401064; 401065; 401075; 401080; 401306; 404037; 404038; 404039; 737100; 786040; 786041; 790064; 790065,27,14,142
,0,Accessori per automazioni,Datori d'impulso per applicazioni speciali,223,222,,27,0,142
,,Accessori per automazioni,Alimentatore supplementare,223,223,720050; 785527; 785529; 790904,27,4,142
,,Accessori per automazioni,Fotocellule da parete orientabili,224,225,105128; 401070; 401075; 401080; 737100; 785102; 785103; 785104; 790062,27,9,142
,,Accessori per automazioni,Fotocellule da parete o incasso,226,226,401064; 401065; 401070; 401075; 401080; 737100; 785105; 785106; 7851051; 7851061,27,10,142
,,Accessori per automazioni,XS Costa di sicurezza,227,228,105531; 105535; 105536; 105537; 105538; 105547; 105592; 105593; 105594; 105598; 105687; 105781; 105782; 785200; 787012; 787013,27,16,142
,0,Accessori per automazioni,Unità di controllo per coste di sicurezza,229,229,785200,27,1,142
,0,Accessori per automazioni,Sistema Radio Coste,230,230,787012; 787013,27,2,142
,0,Accessori per automazioni,SAFEcoder,231,231,404035; 404040; 404041,27,3,142
,0,Accessori per automazioni,XLC,232,232,390130,27,1,142
,0,Accessori per automazioni,XUSB,233,233,202274,27,1,142
,,Accessori per automazioni,Sensori Laser,234,234,105043; 401075; 430003; 737100; 785028; 785031; 785541,27,7,142
,,Accessori per automazioni,M60 Costa elettromeccanica,235,235,736425; 736426; 736427; 736428; 736429,27,5,142
,0,Accessori per automazioni,SAFE PRO - misuratore curva d'impatto,236,236,950224,27,1,142
,0,Accessori per automazioni,Lampeggiatori,237,237,410017; 410029,27,2,142
,,Accessori per automazioni,Accessori e materiali di consumo,238,238,401026; 712650; 712990; 714017; 714041; 712651001; 712651010; 712652001; 712652010,27,9,142
,0,Automazioni per serrande avvolgibili,,239,239,,4,0,13
,,Automazioni per serrande avvolgibili,RL200,240,241,109950; 391450; 391452; 391453; 391454; 391456; 720119; 790905,4,8,13
,,Automazioni per serrande avvolgibili,RH200B,242,243,109960; 109961; 391450; 391452; 391453; 391454; 391456; 720119; 790905,4,9,13
,,Automazioni per serrande avvolgibili,RH240,244,245,109971; 391450; 391455; 391456; 720119; 790905,4,6,13
,0,Automazioni per serrande avvolgibili,RH240B,246,247,109981; 391450; 391455; 391456; 720119; 790905,4,6,13
,0,Porte e ingressi automatici,,248,251,,0,0,0
,0,Varchi tornelli e barriere automatiche,,252,253,,0,0,0
,0,Dissuasori di traffico e di sicurezza,,254,257,,0,0,0
,0,Controllo accessi Keydom,,258,259,,0,0,0
,0,Bussole e varchi di sicurezza,,260,261,,0,0,0
,0,Schemi di installazione tipo,,262,285,,0,0,0
,0,Ricambi,,286,286,,0,0,0
,0,Condizioni di vendita,,287,289,,0,0,0
,0,Indice analitico,,290,292,,0,0,0
,,Schemi di installazione,392 C,263,263,,,,
,,Schemi di installazione,390 230V,263,263,,,,
,,Schemi di installazione,412,264,264,,,,
,,Schemi di installazione,413 230V,264,264,,,,
,,Schemi di installazione,415 230V,265,265,,,,
,,Schemi di installazione,415 24V,265,265,,,,
,,Schemi di installazione,S418,266,266,,,,
,,Schemi di installazione,402,266,266,,,,
,,Schemi di installazione,S450H,267,267,,,,
,,Schemi di installazione,422,267,267,,,,
,,Schemi di installazione,400,268,268,,,,
,,Schemi di installazione,770N 230V,268,268,,,,
,,Schemi di installazione,770N 24V,269,269,,,,
,,Schemi di installazione,S800H ENC,269,269,,,,
,,Schemi di installazione,S800 ENC,270,270,,,,
,,Schemi di installazione,740,270,270,,,,
,,Schemi di installazione,740 C,271,271,,,,
,,Schemi di installazione,741 C,271,271,,,,
,,Schemi di installazione,741,272,272,,,,
,,Schemi di installazione,C4000I,273,273,,,,
,,Schemi di installazione,S2500I,273,273,,,,
,,Schemi di installazione,C720,272,272,,,,
,,Schemi di installazione,C721,274,274,,,,
,,Schemi di installazione,746 C,274,274,,,,
,,Schemi di installazione,844 C,275,275,,,,
,,Schemi di installazione,844 C 3PH,275,275,,,,
,,Schemi di installazione,884 MC 3PH,276,276,,,,
,,Schemi di installazione,C851,276,276,,,,
,,Schemi di installazione,D600,277,277,,,,
,,Schemi di installazione,D700 HS,277,277,,,,
,,Schemi di installazione,D1000,278,278,,,,
,,Schemi di installazione,540,278,278,,,,
,,Schemi di installazione,541,279,279,,,,
,,Schemi di installazione,541 3PH,279,279,,,,
,,Schemi di installazione,550,280,280,,,,
,,Schemi di installazione,593,280,280,,,,
,,Schemi di installazione,580,281,281,,,,
,,Schemi di installazione,B614,282,282,,,,
,,Schemi di installazione,615BPR,282,282,,,,
,,Schemi di installazione,620 Standard,283,283,,,,
,,Schemi di installazione,620 Rapida,283,283,,,,
,,Schemi di installazione,B680H,281,281,,,,
,,Schemi di installazione,RL200,284,284,,,,
,,Schemi di installazione,RH200B,284,284,,,,
,,Schemi di installazione,RH240,285,285,,,,
,,Schemi di installazione,RH240B,285,285,,,,