Codice,Pagine,eliminato?
102011,"30, 31, 33, 35, 47, 48, 51, 53, 73, 81, 85, 97, 101, 188",
102845,"201, 203, 204, 205, 206, 207, 209, 211","VERIFICARE (anche pag [201, 203, 204])"
103054,213,SI
103337,213,SI
104100,"43, 93",
104101,93,
104110,67,
104200,89,
104201,91,
104202,91,
104203,91,
104205,91,
104206,91,
104210,89,
104220,91,
104250,"33, 51, 97",
104301,"31, 48, 73",
104413,"45, 77",
104415,"29, 46, 79",
104417,79,
104468,"28, 44, 87",
104470,"32, 49, 75",
104471,"32, 49, 75",
104474,87,
104501,151,
104502,151,
104561,157,
104562,157,
104570,"155, 83",
104575,50,
104583,"50, 85",
104584,"50, 85",
104614,161,
104680,177,
104906,165,
104910,165,
105043,234,
105083,57,
105128,225,
105531,227,
105535,228,
105536,227,
105537,227,
105538,227,
105547,227,
105592,227,
105593,227,
105594,227,
105598,227,
105683,43,
105687,227,
105726,66,SI
105727,66,SI
105728,66,SI
105729,66,SI
105730,66,SI
105731,66,SI
105732,66,SI
105740,66,SI
105770,65,SI
105771,65,SI
105775,65,SI
105776,65,SI
105781,227,
105782,227,
105940,54,
105998,48,
108720,103,
108722,103,
108724,103,
108725,103,
108800,105,
108801,105,
108802,105,
108803,105,
109001,109,
109320,"39, 57, 111",
109321,"57, 113",
109512,141,SI
109542,143,SI
109550,145,SI
109600,"37, 117",
109602,121,
109702,38,
109745,"36, 54, 123",
109746,123,
109885,129,
109903,131,
109904,127,
109925,125,
109926,125,
109928,127,
109940,60,
109950,241,
109951,"60, 214",
109960,243,
109961,243,
109971,245,
109981,247,
110066,106,
110088,108,
110123,149,SI
110124,149,SI
110125,149,SI
110127,149,SI
110549,"58, 149",VERIFICARE (anche pag [58])
110553,149,SI
110554,149,SI
110558,149,SI
110562,149,SI
110597,151,
110600,"59, 135",
110601,139,
110602,137,
111100,110,
111122,112,
111144,114,
111188,118,
112222,122,
112266,126,
112288,128,
113300,130,
114115,93,
120002,"201, 203",
120003,"201, 203",
120009,37,
120010,38,
120011,36,
120012,39,
120013,28,
120014,32,
120015,29,
120016,30,
120017,34,
120018,35,
120019,31,
120020,33,
124125,93,
134135,93,
143201,62,
143202,62,
143203,62,
144145,93,
145405,"63, 65",VERIFICARE (anche pag [63])
145412,"63, 65",VERIFICARE (anche pag [63])
145421,"63, 65",VERIFICARE (anche pag [63])
145422,63,
145423,"63, 65",VERIFICARE (anche pag [63])
145424,63,
145504,63,
145505,63,
145630,"63, 65",VERIFICARE (anche pag [63])
154155,93,
164165,93,
202073,"127, 129, 190, 191",
202269,"115, 119, 190, 191",
202274,233,
202275,"201, 203",
390035,"103, 105",
390080,179,
390081,"166, 167",
390091,97,
390113,42,
390120,"135, 137, 139",
390126,"135, 137, 139",
390130,"73, 81, 85, 97, 101, 232",
390132,"135, 137, 139",
390139,"135, 137, 139",
390178,"109, 111, 113, 115, 117, 119, 121, 123, 125",
390184,"163, 167, 171, 175",
390205,"209, 211",SI
390211,215,
390226,"135, 137, 139",
390232,"135, 137, 139",
390239,"135, 137, 139",
390267,85,
390432,151,
390433,151,
390434,151,
390435,151,
390488,"135, 137, 139",
390548,"59, 139",
390563,"149, 151",VERIFICARE (anche pag [151])
390564,"149, 151",VERIFICARE (anche pag [151])
390592,149,SI
390594,151,
390607,149,SI
390612,"99, 101",
390682,"83, 155",
390719,"141, 143, 145",SI
390720,"141, 143, 145",SI
390721,"141, 143, 145",SI
390744,"141, 143, 145",SI
390745,"141, 143, 145",SI
390765,"135, 137, 139",
390768,"135, 137, 139",
390828,"170, 175, 177",
390923,"73, 81, 85, 93, 101, 111, 113, 135, 137, 139, 161, 179",
390926,"73, 81, 85, 93, 97, 101, 103",
390972,"103, 105",
390992,"162, 163, 171, 174, 175, 179",
390993,"162, 163, 166, 167, 171, 174, 175, 179",
391450,"241, 243, 245, 247",
391452,"240, 241, 242, 243",
391453,"241, 243",
391454,"241, 243",
391455,"245, 247",
391456,"60, 85, 97, 219, 241, 243, 245, 247",
401012,218,
401013,218,
401014,218,
401015,218,
401016,218,
401017,218,
401026,238,
401044,216,
401045,216,
401046,217,
401047,217,
401048,222,
401051,"170, 174, 179",
401057,"83, 155",
401064,"216, 217, 220, 221, 222, 226",
401065,"216, 217, 220, 221, 222, 226",
401066,"165, 170, 174",
401069,179,
401070,"224, 225, 226",
401075,"216, 217, 220, 221, 222, 224, 225, 226, 234",
401080,"216, 217, 220, 221, 222, 224, 225, 226",
401302,"55, 56, 216",
401303,216,
401304,"43, 44, 45, 46, 47, 48, 49, 50, 51, 52, 53, 54, 57, 217",
401305,217,
401306,222,
402500,141,SI
402501,143,SI
402502,"145, 188, 189","VERIFICARE (anche pag [188, 189])"
402504,145,SI
404015,213,SI
404035,"34, 52, 99, 101, 231",
404037,221,
404038,221,
404039,220,
404040,"28, 29, 42, 44, 45, 46, 77, 79, 87, 89, 91, 231",
404041,"32, 49, 75, 231",
410017,237,
410029,"28, 29, 30, 31, 32, 34, 35, 36, 37, 38, 39, 43, 44, 45, 46, 47, 48, 49, 50, 52, 53, 54, 55, 56, 57, 237",
410032,161,
410033,179,
412003,"201, 203, 211, 215","VERIFICARE (anche pag [201, 203, 215])"
412006,"204, 205, 206, 207, 209","VERIFICARE (anche pag [204, 205, 206])"
416016,177,
416017,177,
416018,177,
416019,177,
416020,177,
416250,"33, 51, 97",
416251,"33, 51, 97",
424001,85,
424002,111,
424551,149,SI
424641,"170, 174",
428002,"162, 166, 171",
428042,"162, 166, 171, 174, 178",
428043,"162, 166, 171, 178",
428044,178,
428045,"162, 166, 171, 174, 178",
428046,"162, 166, 171, 178",
428047,178,
428048,178,
428049,178,
428050,178,
428051,178,
428088,"163, 167, 171, 175",
428089,"163, 167, 171, 175",
428090,"163, 167, 171, 175",
428091,"163, 167, 171",
428137,"163, 167, 171, 175",
428163,"170, 175, 177",
428176,"170, 175, 177",
428342,"163, 167, 171, 175",
428436,178,
428437,178,
428441,"161, 165, 170, 179",
428444,"162, 179",
428445,"162, 166, 171, 174",
428446,"161, 165, 170, 179",
428615,"162, 166, 171, 178",
428616,178,
428715,162,
428805,"161, 165, 170, 179",
428806,"161, 165, 170, 174, 179",
430003,234,
490042,91,
490043,91,
490058,"170, 174",
490065,"34, 35, 52, 53, 99, 101",
490073,165,
490110,"99, 101",
490111,"99, 101",
490112,"103, 105",
490113,"103, 105",
490117,"162, 166, 171, 174, 179",
490122,"109, 111, 113, 115, 117, 119, 121, 123, 125, 127, 131",
490123,"109, 111, 113, 115, 117, 119, 121, 123, 125",
490124,"109, 111, 113, 115, 117, 119, 121, 123, 125, 127",
490125,"109, 111, 113, 115, 117, 119, 121, 123, 125",
490139,179,
490183,161,
490186,"162, 163",
490187,"103, 105",
490250,"33, 51, 97",
490251,157,
490252,97,
490253,97,
490254,97,
490255,97,
490333,"109, 111, 113, 115, 117, 119, 121, 123, 125",
490349,"77, 79, 81, 87, 89, 91",
667755,77,
669900,"73, 77",
712052,218,
712650,238,
712805,187,
712990,238,
713002,"87, 161, 165, 170, 174, 179",
713009,75,
714017,238,
714041,238,
719130,"123, 125, 127",
719167,"123, 125, 127",
719169,129,
719328,129,
720050,223,
720118,"75, 77, 79, 83, 87, 89, 91, 99, 105, 127, 143, 151, 155, 157, 187","VERIFICARE (anche pag [75, 77, 79])"
720119,"28, 29, 32, 34, 44, 45, 46, 49, 52, 60, 75, 77, 79, 83, 87, 89, 91, 99, 105, 127, 143, 151, 155, 157, 187, 241, 243, 245, 247","VERIFICARE (anche pag [28, 29, 32])"
720309,"75, 77, 79, 83, 87, 89, 91, 99, 105, 127, 143, 151, 155, 157, 187","VERIFICARE (anche pag [75, 77, 79])"
720316,218,
721005,"166, 167",
721006,"166, 167",
721007,"166, 167",
721008,"166, 167",
721018,"166, 167",
721209,"162, 163",
721232,162,
722121,"99, 101",
722122,"99, 101",
722123,129,
722136,149,SI
722140,149,SI
722299,151,
727525,"79, 81",
736022,149,SI
736023,151,
736425,235,
736426,235,
736427,235,
736428,235,
736429,235,
737100,"216, 217, 220, 221, 222, 224, 225, 226, 234",
737604,"75, 77, 79, 81, 87, 89, 91",
737621,"161, 165, 170, 174, 179",
737628,129,
737816,"36, 54, 123, 125, 127",
737850,131,
738700,157,
738703,157,
738705,83,
738706,155,
738709,149,SI
770088,73,
785028,234,
785031,234,
785102,"7, 38, 55, 56, 60, 224",
785103,"28, 29, 30, 31, 32, 33, 34, 35, 36, 39, 43, 44, 45, 46, 47, 48, 49, 50, 51, 52, 53, 54, 57, 224",
785104,225,
785105,226,
785106,226,
785200,"228, 229",
785527,223,
785529,223,
785534,"205, 207, 209, 211","VERIFICARE (anche pag [205, 207])"
785535,213,SI
785538,213,SI
785541,234,
786040,222,
786041,222,
787007,"43, 44, 45, 46, 47, 48, 49, 50, 51, 52, 53, 54, 55, 56, 57, 58, 59, 210, 212","VERIFICARE (anche pag [43, 44, 45])"
787008,"60, 210, 212",VERIFICARE (anche pag [60])
787009,"208, 212",SI
787010,"208, 212",SI
787012,"228, 230",
787013,"228, 230",
787017,"28, 29, 30, 31, 32, 33, 34, 35, 36, 37, 38, 39, 200",
787018,200,
787019,"202, 203",
787020,"202, 203",
787021,"201, 203",
787022,"201, 203",
787023,"201, 203, 205, 207, 209, 211, 215","VERIFICARE (anche pag [201, 203, 205])"
787024,"201, 203, 205, 207, 209, 211, 215","VERIFICARE (anche pag [201, 203, 205])"
787025,"28, 29, 30, 31, 32, 33, 34, 35, 36, 37, 38, 39, 201, 203",
787030,204,
787031,204,
787032,206,
787033,206,
787349,197,
787378,196,
787456,214,
787510,196,
787725,"201, 203, 204, 205, 206, 207, 209, 211, 215","VERIFICARE (anche pag [201, 203, 204])"
787831,"43, 44, 45, 46, 47, 48, 49, 50, 51, 52, 53, 54, 57, 59, 206, 210, 214","VERIFICARE (anche pag [43, 44, 45])"
787832,"204, 208",VERIFICARE (anche pag [204])
787833,"207, 211, 212",VERIFICARE (anche pag [207])
787834,"205, 209, 212",VERIFICARE (anche pag [205])
787852,"55, 56, 58, 60, 206, 210","VERIFICARE (anche pag [55, 56, 58])"
787853,"206, 210",VERIFICARE (anche pag [206])
787854,"204, 208",VERIFICARE (anche pag [204])
787855,"204, 208",VERIFICARE (anche pag [204])
787856,"206, 214",
787857,"206, 214",
790062,"73, 75, 77, 79, 81, 83, 85, 87, 89, 91, 93, 99, 101, 105, 151, 155, 157, 224",
790064,"217, 220, 222",
790065,"217, 220, 222",
790076,"42, 75, 77, 79, 83, 87, 89, 91, 99, 105, 151, 155, 157, 188, 189",
790077,"28, 29, 32, 34, 44, 45, 46, 49, 52, 75, 77, 79, 83, 87, 89, 91, 99, 105, 151, 155, 157, 188, 189",
790281,"165, 192, 193",
790284,43,
790286,"73, 81, 101, 188, 189",
790305,"73, 81, 85, 93, 97, 101, 103, 188, 189",
790418,197,
790904,223,
790905,"60, 192, 193, 241, 243, 245, 247",
790922,"143, 190, 191","VERIFICARE (anche pag [190, 191])"
799349,213,SI
950224,236,
1044151,"30, 47, 81",
1044171,81,
1046143,161,
1046208,169,
1046218,169,
1046228,169,
1046268,169,
1046278,169,
1046288,169,
1046338,173,
1046348,173,
1046358,173,
1046408,169,
1046418,169,
1046428,169,
1046478,169,
1046488,169,
1046538,173,
1046548,173,
1046558,173,
1047048,169,
1047148,169,
1047508,169,
1047518,169,
1057263,66,SI
1057273,66,SI
1057283,66,SI
1057293,66,SI
1057303,66,SI
1057313,66,SI
1057323,66,SI
1057403,66,SI
1059995,57,
1097805,"55, 115",
1097815,"56, 119",
2022715,"170, 174, 192, 193",
2022805,141,SI
2022855,"149, 188, 189","VERIFICARE (anche pag [188, 189])"
2024015,"135, 188, 189",
2024025,"139, 188, 189",
7191661,127,
7851051,226,
7851061,226,
7870071,"210, 212",SI
7870081,"210, 212",SI
7870091,"208, 212",SI
7870101,"208, 212",SI
10561644,58,
10566544,59,
10675201,"34, 35, 52, 99",
10675301,"53, 101",
63000169,177,
63000710,"190, 191",
63001034,"161, 192, 193",
63002425,"137, 188, 189",
63002485,"111, 113, 190, 191",
63003207,"131, 190, 191",
63003390,"109, 190, 191",
63003452,"177, 192, 193",
63003478,"123, 125, 190, 191",
71209101,"103, 105, 179",
71275101,"43, 44, 45, 46, 47, 48, 49, 50, 51, 52, 53, 54, 55, 56, 57, 123, 125, 127, 216, 217",
104250445,51,
104415144,47,
104415445,46,
104419445,45,
105630445,56,
105632445,49,
105633445,44,
106746445,52,
106747445,53,
424550001,"58, 97, 149","VERIFICARE (anche pag [58, 97])"
424560001,151,
424560101,151,
424591001,"135, 137, 139",
712104001,"99, 101",
712501001,"89, 91, 93, 111, 113",
712651001,238,
712651010,238,
712652001,238,
712652010,238,
1056303445,55,